genotype_text	norm_exp	is_significant	intron_id	pvalue	beta	se	snp_id	maf
0	1.07504866453499	FALSE	1:78620971:78628951:clu_6456_-	0.00025544	-0.513972	0.133279	chr1_78628133_A_G	0.345238
1	-0.162911348622918	FALSE	1:78629915:78635337:clu_6456_-	0.196542	-0.203781	0.156264	chr1_78628133_A_G	0.345238
1	2.26472741974419	FALSE	1:78620571:78620944:clu_6456_-	0.205878	0.194731	0.15249	chr1_78628133_A_G	0.345238
2	-0.345908121791338	FALSE	1:78620571:78622850:clu_6456_-	0.0549963	-0.301776	0.154597	chr1_78628133_A_G	0.345238
2	-0.575865816744326	FALSE	1:78620571:78635337:clu_6456_-	1.19129e-06	-0.643342	0.120805	chr1_78628133_A_G	0.345238
0	0.0442490521541925	TRUE	1:78620571:78628951:clu_6456_-	1.2487e-17	-1.03722	0.090494	chr1_78628133_A_G	0.345238
0	-0.800313105648729	FALSE	1:78620571:78620944:clu_6456_-	0.205878	0.194731	0.15249	chr1_78628133_A_G	0.345238
2	0.975299406693437	FALSE	1:78620571:78627906:clu_6456_-	4.59371e-17	0.998493	0.089667	chr1_78628133_A_G	0.345238
1	-0.760327540636133	FALSE	1:78620571:78620944:clu_6456_-	0.205878	0.194731	0.15249	chr1_78628133_A_G	0.345238
0	-1.24872764523574	FALSE	1:78620571:78635337:clu_6456_-	1.19129e-06	-0.643342	0.120805	chr1_78628133_A_G	0.345238
0	0.683774379879299	TRUE	1:78620571:78628951:clu_6456_-	1.2487e-17	-1.03722	0.090494	chr1_78628133_A_G	0.345238
2	-0.800313105648729	FALSE	1:78629915:78635337:clu_6456_-	0.196542	-0.203781	0.156264	chr1_78628133_A_G	0.345238
0	0.721522283982343	FALSE	1:78629915:78635337:clu_6456_-	0.196542	-0.203781	0.156264	chr1_78628133_A_G	0.345238
1	0.474288602972453	FALSE	1:78620571:78622850:clu_6456_-	0.0549963	-0.301776	0.154597	chr1_78628133_A_G	0.345238
0	0.884418039827597	FALSE	1:78629915:78635337:clu_6456_-	0.196542	-0.203781	0.156264	chr1_78628133_A_G	0.345238
0	-0.507556069065684	FALSE	1:78620571:78635337:clu_6456_-	1.19129e-06	-0.643342	0.120805	chr1_78628133_A_G	0.345238
0	0.507556069065684	TRUE	1:78620571:78628951:clu_6456_-	1.2487e-17	-1.03722	0.090494	chr1_78628133_A_G	0.345238
0	1.24872764523574	FALSE	1:78620571:78635337:clu_6456_-	1.19129e-06	-0.643342	0.120805	chr1_78628133_A_G	0.345238
0	-0.928899491647271	FALSE	1:78620571:78635337:clu_6456_-	1.19129e-06	-0.643342	0.120805	chr1_78628133_A_G	0.345238
1	-0.928899491647271	FALSE	1:78629915:78635337:clu_6456_-	0.196542	-0.203781	0.156264	chr1_78628133_A_G	0.345238
2	-1.80811737005717	FALSE	1:78620571:78635337:clu_6456_-	1.19129e-06	-0.643342	0.120805	chr1_78628133_A_G	0.345238
0	-0.841621233572914	FALSE	1:78628999:78635337:clu_6456_-	0.0153744	-0.325831	0.131107	chr1_78628133_A_G	0.345238
0	-0.683774379879299	FALSE	1:78628393:78628951:clu_6456_-	9.62065e-19	1.09253	0.0901978	chr1_78628133_A_G	0.345238
2	-1.31581752981539	FALSE	1:78620971:78628951:clu_6456_-	0.00025544	-0.513972	0.133279	chr1_78628133_A_G	0.345238
0	0.474288602972453	FALSE	1:78629915:78635337:clu_6456_-	0.196542	-0.203781	0.156264	chr1_78628133_A_G	0.345238
1	-1.47142406017223	FALSE	1:78620571:78622850:clu_6456_-	0.0549963	-0.301776	0.154597	chr1_78628133_A_G	0.345238
1	-0.683774379879299	FALSE	1:78628999:78629720:clu_6456_-	0.00231752	-0.475659	0.150352	chr1_78628133_A_G	0.345238
1	-2.26472741974418	FALSE	1:78628999:78635337:clu_6456_-	0.0153744	-0.325831	0.131107	chr1_78628133_A_G	0.345238
0	0.884418039827597	FALSE	1:78620571:78635337:clu_6456_-	1.19129e-06	-0.643342	0.120805	chr1_78628133_A_G	0.345238
0	-1.1291761577078	FALSE	1:78628393:78628951:clu_6456_-	9.62065e-19	1.09253	0.0901978	chr1_78628133_A_G	0.345238
0	1.31581752981539	FALSE	1:78628999:78629720:clu_6456_-	0.00231752	-0.475659	0.150352	chr1_78628133_A_G	0.345238
0	0.474288602972453	FALSE	1:78628393:78628951:clu_6456_-	9.62065e-19	1.09253	0.0901978	chr1_78628133_A_G	0.345238
0	-0.928899491647271	FALSE	1:78628999:78635337:clu_6456_-	0.0153744	-0.325831	0.131107	chr1_78628133_A_G	0.345238
2	-0.575865816744326	FALSE	1:78620571:78620944:clu_6456_-	0.205878	0.194731	0.15249	chr1_78628133_A_G	0.345238
2	-1.07504866453499	FALSE	1:78628999:78629720:clu_6456_-	0.00231752	-0.475659	0.150352	chr1_78628133_A_G	0.345238
2	-1.07504866453499	TRUE	1:78620571:78628951:clu_6456_-	1.2487e-17	-1.03722	0.090494	chr1_78628133_A_G	0.345238
2	1.38941733384107	FALSE	1:78620571:78627906:clu_6456_-	4.59371e-17	0.998493	0.089667	chr1_78628133_A_G	0.345238
1	0.345908121791338	FALSE	1:78620571:78622850:clu_6456_-	0.0549963	-0.301776	0.154597	chr1_78628133_A_G	0.345238
0	1.47142406017223	FALSE	1:78620571:78635337:clu_6456_-	1.19129e-06	-0.643342	0.120805	chr1_78628133_A_G	0.345238
0	-1.31581752981539	FALSE	1:78620571:78627906:clu_6456_-	4.59371e-17	0.998493	0.089667	chr1_78628133_A_G	0.345238
1	0.223007830940367	FALSE	1:78628999:78629720:clu_6456_-	0.00231752	-0.475659	0.150352	chr1_78628133_A_G	0.345238
2	0.0147454065279029	FALSE	1:78620571:78622850:clu_6456_-	0.0549963	-0.301776	0.154597	chr1_78628133_A_G	0.345238
0	-0.377391943828554	FALSE	1:78620571:78635337:clu_6456_-	1.19129e-06	-0.643342	0.120805	chr1_78628133_A_G	0.345238
0	0.800313105648729	TRUE	1:78620571:78628951:clu_6456_-	1.2487e-17	-1.03722	0.090494	chr1_78628133_A_G	0.345238
1	-0.2533471031358	FALSE	1:78629915:78635337:clu_6456_-	0.196542	-0.203781	0.156264	chr1_78628133_A_G	0.345238
0	1.02390033298064	FALSE	1:78620571:78622850:clu_6456_-	0.0549963	-0.301776	0.154597	chr1_78628133_A_G	0.345238
0	-0.575865816744326	FALSE	1:78628393:78628951:clu_6456_-	9.62065e-19	1.09253	0.0901978	chr1_78628133_A_G	0.345238
1	0.928899491647271	FALSE	1:78628393:78628951:clu_6456_-	9.62065e-19	1.09253	0.0901978	chr1_78628133_A_G	0.345238
1	1.5647264713618	FALSE	1:78628393:78628951:clu_6456_-	9.62065e-19	1.09253	0.0901978	chr1_78628133_A_G	0.345238
1	0.409254447344032	FALSE	1:78620571:78622850:clu_6456_-	0.0549963	-0.301776	0.154597	chr1_78628133_A_G	0.345238
1	0.409254447344032	FALSE	1:78628393:78628951:clu_6456_-	9.62065e-19	1.09253	0.0901978	chr1_78628133_A_G	0.345238
0	-0.646976645283972	FALSE	1:78620571:78635337:clu_6456_-	1.19129e-06	-0.643342	0.120805	chr1_78628133_A_G	0.345238
0	0.0147454065279029	FALSE	1:78620571:78620944:clu_6456_-	0.205878	0.194731	0.15249	chr1_78628133_A_G	0.345238
1	-1.98577040318109	FALSE	1:78628999:78629720:clu_6456_-	0.00231752	-0.475659	0.150352	chr1_78628133_A_G	0.345238
0	-0.0737912738082727	FALSE	1:78620571:78622850:clu_6456_-	0.0549963	-0.301776	0.154597	chr1_78628133_A_G	0.345238
1	0.3147635663168	FALSE	1:78620571:78635337:clu_6456_-	1.19129e-06	-0.643342	0.120805	chr1_78628133_A_G	0.345238
1	-0.0737912738082727	FALSE	1:78628999:78629720:clu_6456_-	0.00231752	-0.475659	0.150352	chr1_78628133_A_G	0.345238
0	-0.283921436543173	FALSE	1:78629915:78635337:clu_6456_-	0.196542	-0.203781	0.156264	chr1_78628133_A_G	0.345238
0	-0.103398051138894	FALSE	1:78620571:78627906:clu_6456_-	4.59371e-17	0.998493	0.089667	chr1_78628133_A_G	0.345238
0	0.0737912738082727	FALSE	1:78628999:78629720:clu_6456_-	0.00231752	-0.475659	0.150352	chr1_78628133_A_G	0.345238
1	0.800313105648729	FALSE	1:78620571:78622850:clu_6456_-	0.0549963	-0.301776	0.154597	chr1_78628133_A_G	0.345238
1	-1.1291761577078	FALSE	1:78620571:78620944:clu_6456_-	0.205878	0.194731	0.15249	chr1_78628133_A_G	0.345238
0	-0.541395085129088	FALSE	1:78620571:78627906:clu_6456_-	4.59371e-17	0.998493	0.089667	chr1_78628133_A_G	0.345238
0	0.575865816744326	FALSE	1:78620971:78628951:clu_6456_-	0.00025544	-0.513972	0.133279	chr1_78628133_A_G	0.345238
0	1.38941733384107	TRUE	1:78620571:78628951:clu_6456_-	1.2487e-17	-1.03722	0.090494	chr1_78628133_A_G	0.345238
2	-1.24872764523574	TRUE	1:78620571:78628951:clu_6456_-	1.2487e-17	-1.03722	0.090494	chr1_78628133_A_G	0.345238
2	-1.31581752981539	TRUE	1:78620571:78628951:clu_6456_-	1.2487e-17	-1.03722	0.090494	chr1_78628133_A_G	0.345238
1	0.975299406693437	FALSE	1:78629915:78635337:clu_6456_-	0.196542	-0.203781	0.156264	chr1_78628133_A_G	0.345238
0	-0.646976645283972	FALSE	1:78628999:78635337:clu_6456_-	0.0153744	-0.325831	0.131107	chr1_78628133_A_G	0.345238
1	-0.800313105648729	FALSE	1:78620571:78635337:clu_6456_-	1.19129e-06	-0.643342	0.120805	chr1_78628133_A_G	0.345238
1	-0.409254447344032	FALSE	1:78620971:78628951:clu_6456_-	0.00025544	-0.513972	0.133279	chr1_78628133_A_G	0.345238
0	0.133095761626143	FALSE	1:78628999:78635337:clu_6456_-	0.0153744	-0.325831	0.131107	chr1_78628133_A_G	0.345238
1	0.103398051138894	FALSE	1:78628393:78628951:clu_6456_-	9.62065e-19	1.09253	0.0901978	chr1_78628133_A_G	0.345238
2	0.760327540636133	FALSE	1:78620571:78622850:clu_6456_-	0.0549963	-0.301776	0.154597	chr1_78628133_A_G	0.345238
2	-0.345908121791338	FALSE	1:78628999:78629720:clu_6456_-	0.00231752	-0.475659	0.150352	chr1_78628133_A_G	0.345238
0	-0.133095761626143	FALSE	1:78628393:78628951:clu_6456_-	9.62065e-19	1.09253	0.0901978	chr1_78628133_A_G	0.345238
0	0.377391943828554	TRUE	1:78620571:78628951:clu_6456_-	1.2487e-17	-1.03722	0.090494	chr1_78628133_A_G	0.345238
2	1.80811737005717	FALSE	1:78628393:78628951:clu_6456_-	9.62065e-19	1.09253	0.0901978	chr1_78628133_A_G	0.345238
0	0.800313105648729	FALSE	1:78620571:78620944:clu_6456_-	0.205878	0.194731	0.15249	chr1_78628133_A_G	0.345238
1	0.192872498631767	FALSE	1:78620571:78627906:clu_6456_-	4.59371e-17	0.998493	0.089667	chr1_78628133_A_G	0.345238
0	0.474288602972453	TRUE	1:78620571:78628951:clu_6456_-	1.2487e-17	-1.03722	0.090494	chr1_78628133_A_G	0.345238
1	-0.611034908004407	FALSE	1:78620571:78620944:clu_6456_-	0.205878	0.194731	0.15249	chr1_78628133_A_G	0.345238
1	-0.646976645283972	TRUE	1:78620571:78628951:clu_6456_-	1.2487e-17	-1.03722	0.090494	chr1_78628133_A_G	0.345238
0	0.0737912738082727	FALSE	1:78620571:78635337:clu_6456_-	1.19129e-06	-0.643342	0.120805	chr1_78628133_A_G	0.345238
0	0.3147635663168	FALSE	1:78620571:78622850:clu_6456_-	0.0549963	-0.301776	0.154597	chr1_78628133_A_G	0.345238
0	-1.31581752981539	FALSE	1:78628393:78628951:clu_6456_-	9.62065e-19	1.09253	0.0901978	chr1_78628133_A_G	0.345238
0	2.26472741974419	TRUE	1:78620571:78628951:clu_6456_-	1.2487e-17	-1.03722	0.090494	chr1_78628133_A_G	0.345238
1	-0.283921436543173	FALSE	1:78620571:78627906:clu_6456_-	4.59371e-17	0.998493	0.089667	chr1_78628133_A_G	0.345238
0	0.975299406693437	FALSE	1:78620571:78635337:clu_6456_-	1.19129e-06	-0.643342	0.120805	chr1_78628133_A_G	0.345238
1	0.0442490521541925	FALSE	1:78620571:78635337:clu_6456_-	1.19129e-06	-0.643342	0.120805	chr1_78628133_A_G	0.345238
0	1.24872764523574	TRUE	1:78620571:78628951:clu_6456_-	1.2487e-17	-1.03722	0.090494	chr1_78628133_A_G	0.345238
2	-1.47142406017223	FALSE	1:78620571:78635337:clu_6456_-	1.19129e-06	-0.643342	0.120805	chr1_78628133_A_G	0.345238
2	0.884418039827597	FALSE	1:78628393:78628951:clu_6456_-	9.62065e-19	1.09253	0.0901978	chr1_78628133_A_G	0.345238
0	0.0442490521541925	FALSE	1:78620571:78620944:clu_6456_-	0.205878	0.194731	0.15249	chr1_78628133_A_G	0.345238
1	-1.31581752981539	FALSE	1:78629915:78635337:clu_6456_-	0.196542	-0.203781	0.156264	chr1_78628133_A_G	0.345238
1	0.474288602972453	FALSE	1:78620571:78627906:clu_6456_-	4.59371e-17	0.998493	0.089667	chr1_78628133_A_G	0.345238
0	1.02390033298064	FALSE	1:78620571:78620944:clu_6456_-	0.205878	0.194731	0.15249	chr1_78628133_A_G	0.345238
1	-0.0737912738082727	FALSE	1:78620571:78635337:clu_6456_-	1.19129e-06	-0.643342	0.120805	chr1_78628133_A_G	0.345238
1	0.760327540636133	FALSE	1:78629915:78635337:clu_6456_-	0.196542	-0.203781	0.156264	chr1_78628133_A_G	0.345238
1	-1.67406590784054	FALSE	1:78620571:78635337:clu_6456_-	1.19129e-06	-0.643342	0.120805	chr1_78628133_A_G	0.345238
1	0.345908121791338	FALSE	1:78620571:78620944:clu_6456_-	0.205878	0.194731	0.15249	chr1_78628133_A_G	0.345238
2	-1.47142406017223	TRUE	1:78620571:78628951:clu_6456_-	1.2487e-17	-1.03722	0.090494	chr1_78628133_A_G	0.345238
0	0.721522283982343	FALSE	1:78620571:78622850:clu_6456_-	0.0549963	-0.301776	0.154597	chr1_78628133_A_G	0.345238
0	1.02390033298064	FALSE	1:78620571:78635337:clu_6456_-	1.19129e-06	-0.643342	0.120805	chr1_78628133_A_G	0.345238
1	0.2533471031358	FALSE	1:78620571:78622850:clu_6456_-	0.0549963	-0.301776	0.154597	chr1_78628133_A_G	0.345238
0	1.18683143275582	FALSE	1:78620571:78635337:clu_6456_-	1.19129e-06	-0.643342	0.120805	chr1_78628133_A_G	0.345238
1	0.103398051138894	FALSE	1:78620571:78622850:clu_6456_-	0.0549963	-0.301776	0.154597	chr1_78628133_A_G	0.345238
1	2.26472741974419	FALSE	1:78620571:78627906:clu_6456_-	4.59371e-17	0.998493	0.089667	chr1_78628133_A_G	0.345238
0	1.80811737005717	FALSE	1:78620571:78635337:clu_6456_-	1.19129e-06	-0.643342	0.120805	chr1_78628133_A_G	0.345238
0	1.02390033298064	FALSE	1:78620971:78628951:clu_6456_-	0.00025544	-0.513972	0.133279	chr1_78628133_A_G	0.345238
1	-1.5647264713618	FALSE	1:78620971:78628951:clu_6456_-	0.00025544	-0.513972	0.133279	chr1_78628133_A_G	0.345238
0	1.07504866453499	FALSE	1:78628999:78635337:clu_6456_-	0.0153744	-0.325831	0.131107	chr1_78628133_A_G	0.345238
2	0.928899491647271	FALSE	1:78620571:78620944:clu_6456_-	0.205878	0.194731	0.15249	chr1_78628133_A_G	0.345238
1	0.283921436543173	FALSE	1:78628393:78628951:clu_6456_-	9.62065e-19	1.09253	0.0901978	chr1_78628133_A_G	0.345238
1	0.683774379879299	FALSE	1:78628393:78628951:clu_6456_-	9.62065e-19	1.09253	0.0901978	chr1_78628133_A_G	0.345238
2	0.760327540636133	FALSE	1:78628393:78628951:clu_6456_-	9.62065e-19	1.09253	0.0901978	chr1_78628133_A_G	0.345238
1	-0.133095761626143	TRUE	1:78620571:78628951:clu_6456_-	1.2487e-17	-1.03722	0.090494	chr1_78628133_A_G	0.345238
0	-1.67406590784054	FALSE	1:78628393:78628951:clu_6456_-	9.62065e-19	1.09253	0.0901978	chr1_78628133_A_G	0.345238
2	0.760327540636133	FALSE	1:78620571:78620944:clu_6456_-	0.205878	0.194731	0.15249	chr1_78628133_A_G	0.345238
0	0.611034908004407	TRUE	1:78620571:78628951:clu_6456_-	1.2487e-17	-1.03722	0.090494	chr1_78628133_A_G	0.345238
0	-1.98577040318109	FALSE	1:78620571:78622850:clu_6456_-	0.0549963	-0.301776	0.154597	chr1_78628133_A_G	0.345238
0	0.575865816744326	FALSE	1:78628999:78635337:clu_6456_-	0.0153744	-0.325831	0.131107	chr1_78628133_A_G	0.345238
2	1.80811737005717	FALSE	1:78629915:78635337:clu_6456_-	0.196542	-0.203781	0.156264	chr1_78628133_A_G	0.345238
2	-1.67406590784054	FALSE	1:78628999:78635337:clu_6456_-	0.0153744	-0.325831	0.131107	chr1_78628133_A_G	0.345238
1	0.192872498631767	FALSE	1:78620571:78635337:clu_6456_-	1.19129e-06	-0.643342	0.120805	chr1_78628133_A_G	0.345238
2	1.47142406017223	FALSE	1:78620571:78627906:clu_6456_-	4.59371e-17	0.998493	0.089667	chr1_78628133_A_G	0.345238
2	-1.18683143275582	FALSE	1:78620971:78628951:clu_6456_-	0.00025544	-0.513972	0.133279	chr1_78628133_A_G	0.345238
1	-1.02390033298064	FALSE	1:78620971:78628951:clu_6456_-	0.00025544	-0.513972	0.133279	chr1_78628133_A_G	0.345238
0	-1.07504866453499	FALSE	1:78628393:78628951:clu_6456_-	9.62065e-19	1.09253	0.0901978	chr1_78628133_A_G	0.345238
0	1.38941733384107	FALSE	1:78620571:78635337:clu_6456_-	1.19129e-06	-0.643342	0.120805	chr1_78628133_A_G	0.345238
0	-1.07504866453499	FALSE	1:78620571:78627906:clu_6456_-	4.59371e-17	0.998493	0.089667	chr1_78628133_A_G	0.345238
0	0.760327540636133	TRUE	1:78620571:78628951:clu_6456_-	1.2487e-17	-1.03722	0.090494	chr1_78628133_A_G	0.345238
0	-0.441538039063518	FALSE	1:78620571:78627906:clu_6456_-	4.59371e-17	0.998493	0.089667	chr1_78628133_A_G	0.345238
0	-1.1291761577078	FALSE	1:78620571:78622850:clu_6456_-	0.0549963	-0.301776	0.154597	chr1_78628133_A_G	0.345238
0	0.611034908004407	FALSE	1:78628999:78629720:clu_6456_-	0.00231752	-0.475659	0.150352	chr1_78628133_A_G	0.345238
0	1.98577040318109	FALSE	1:78620571:78622850:clu_6456_-	0.0549963	-0.301776	0.154597	chr1_78628133_A_G	0.345238
0	-0.541395085129088	FALSE	1:78620971:78628951:clu_6456_-	0.00025544	-0.513972	0.133279	chr1_78628133_A_G	0.345238
0	-0.409254447344032	FALSE	1:78629915:78635337:clu_6456_-	0.196542	-0.203781	0.156264	chr1_78628133_A_G	0.345238
0	-0.474288602972453	FALSE	1:78628999:78635337:clu_6456_-	0.0153744	-0.325831	0.131107	chr1_78628133_A_G	0.345238
1	0.345908121791338	FALSE	1:78628999:78629720:clu_6456_-	0.00231752	-0.475659	0.150352	chr1_78628133_A_G	0.345238
1	0.103398051138894	FALSE	1:78620571:78620944:clu_6456_-	0.205878	0.194731	0.15249	chr1_78628133_A_G	0.345238
0	-0.841621233572914	FALSE	1:78628393:78628951:clu_6456_-	9.62065e-19	1.09253	0.0901978	chr1_78628133_A_G	0.345238
1	0.0442490521541925	FALSE	1:78628999:78635337:clu_6456_-	0.0153744	-0.325831	0.131107	chr1_78628133_A_G	0.345238
1	1.18683143275582	FALSE	1:78628393:78628951:clu_6456_-	9.62065e-19	1.09253	0.0901978	chr1_78628133_A_G	0.345238
2	-0.841621233572914	FALSE	1:78620571:78620944:clu_6456_-	0.205878	0.194731	0.15249	chr1_78628133_A_G	0.345238
1	-0.0442490521541924	FALSE	1:78628999:78635337:clu_6456_-	0.0153744	-0.325831	0.131107	chr1_78628133_A_G	0.345238
0	0.611034908004407	FALSE	1:78620971:78628951:clu_6456_-	0.00025544	-0.513972	0.133279	chr1_78628133_A_G	0.345238
0	0.192872498631767	FALSE	1:78620971:78628951:clu_6456_-	0.00025544	-0.513972	0.133279	chr1_78628133_A_G	0.345238
0	-0.345908121791338	FALSE	1:78628393:78628951:clu_6456_-	9.62065e-19	1.09253	0.0901978	chr1_78628133_A_G	0.345238
2	1.07504866453499	FALSE	1:78620571:78620944:clu_6456_-	0.205878	0.194731	0.15249	chr1_78628133_A_G	0.345238
0	0.409254447344032	TRUE	1:78620571:78628951:clu_6456_-	1.2487e-17	-1.03722	0.090494	chr1_78628133_A_G	0.345238
1	-1.80811737005717	FALSE	1:78628999:78635337:clu_6456_-	0.0153744	-0.325831	0.131107	chr1_78628133_A_G	0.345238
0	1.18683143275582	FALSE	1:78620971:78628951:clu_6456_-	0.00025544	-0.513972	0.133279	chr1_78628133_A_G	0.345238
0	0.133095761626143	FALSE	1:78620571:78635337:clu_6456_-	1.19129e-06	-0.643342	0.120805	chr1_78628133_A_G	0.345238
1	0.441538039063518	FALSE	1:78628393:78628951:clu_6456_-	9.62065e-19	1.09253	0.0901978	chr1_78628133_A_G	0.345238
0	-1.98577040318109	FALSE	1:78628393:78628951:clu_6456_-	9.62065e-19	1.09253	0.0901978	chr1_78628133_A_G	0.345238
1	1.67406590784054	FALSE	1:78620571:78635337:clu_6456_-	1.19129e-06	-0.643342	0.120805	chr1_78628133_A_G	0.345238
0	0.646976645283972	FALSE	1:78620971:78628951:clu_6456_-	0.00025544	-0.513972	0.133279	chr1_78628133_A_G	0.345238
0	0.192872498631767	FALSE	1:78628999:78629720:clu_6456_-	0.00231752	-0.475659	0.150352	chr1_78628133_A_G	0.345238
2	1.18683143275582	FALSE	1:78620571:78627906:clu_6456_-	4.59371e-17	0.998493	0.089667	chr1_78628133_A_G	0.345238
1	-1.98577040318109	FALSE	1:78628999:78635337:clu_6456_-	0.0153744	-0.325831	0.131107	chr1_78628133_A_G	0.345238
0	0.646976645283972	FALSE	1:78628999:78629720:clu_6456_-	0.00231752	-0.475659	0.150352	chr1_78628133_A_G	0.345238
1	-0.575865816744326	FALSE	1:78620971:78628951:clu_6456_-	0.00025544	-0.513972	0.133279	chr1_78628133_A_G	0.345238
0	1.02390033298064	FALSE	1:78628999:78635337:clu_6456_-	0.0153744	-0.325831	0.131107	chr1_78628133_A_G	0.345238
0	-0.223007830940367	FALSE	1:78620571:78622850:clu_6456_-	0.0549963	-0.301776	0.154597	chr1_78628133_A_G	0.345238
0	0.441538039063518	FALSE	1:78628999:78629720:clu_6456_-	0.00231752	-0.475659	0.150352	chr1_78628133_A_G	0.345238
0	-0.800313105648729	FALSE	1:78620571:78627906:clu_6456_-	4.59371e-17	0.998493	0.089667	chr1_78628133_A_G	0.345238
1	-1.47142406017223	FALSE	1:78628999:78635337:clu_6456_-	0.0153744	-0.325831	0.131107	chr1_78628133_A_G	0.345238
2	-0.0147454065279029	FALSE	1:78628999:78635337:clu_6456_-	0.0153744	-0.325831	0.131107	chr1_78628133_A_G	0.345238
0	0.928899491647271	FALSE	1:78620971:78628951:clu_6456_-	0.00025544	-0.513972	0.133279	chr1_78628133_A_G	0.345238
0	-0.800313105648729	FALSE	1:78628999:78635337:clu_6456_-	0.0153744	-0.325831	0.131107	chr1_78628133_A_G	0.345238
1	0.192872498631767	FALSE	1:78620571:78620944:clu_6456_-	0.205878	0.194731	0.15249	chr1_78628133_A_G	0.345238
0	0.841621233572914	TRUE	1:78620571:78628951:clu_6456_-	1.2487e-17	-1.03722	0.090494	chr1_78628133_A_G	0.345238
2	-0.2533471031358	FALSE	1:78620971:78628951:clu_6456_-	0.00025544	-0.513972	0.133279	chr1_78628133_A_G	0.345238
1	0.800313105648729	FALSE	1:78628999:78629720:clu_6456_-	0.00231752	-0.475659	0.150352	chr1_78628133_A_G	0.345238
1	-0.0737912738082727	FALSE	1:78620571:78620944:clu_6456_-	0.205878	0.194731	0.15249	chr1_78628133_A_G	0.345238
1	0.611034908004407	FALSE	1:78629915:78635337:clu_6456_-	0.196542	-0.203781	0.156264	chr1_78628133_A_G	0.345238
1	-0.0147454065279029	TRUE	1:78620571:78628951:clu_6456_-	1.2487e-17	-1.03722	0.090494	chr1_78628133_A_G	0.345238
0	0.474288602972453	FALSE	1:78628999:78635337:clu_6456_-	0.0153744	-0.325831	0.131107	chr1_78628133_A_G	0.345238
0	1.47142406017223	FALSE	1:78620571:78622850:clu_6456_-	0.0549963	-0.301776	0.154597	chr1_78628133_A_G	0.345238
1	0.975299406693437	FALSE	1:78628393:78628951:clu_6456_-	9.62065e-19	1.09253	0.0901978	chr1_78628133_A_G	0.345238
2	0.2533471031358	FALSE	1:78620571:78627906:clu_6456_-	4.59371e-17	0.998493	0.089667	chr1_78628133_A_G	0.345238
0	1.5647264713618	FALSE	1:78620571:78622850:clu_6456_-	0.0549963	-0.301776	0.154597	chr1_78628133_A_G	0.345238
0	-0.133095761626143	FALSE	1:78620571:78622850:clu_6456_-	0.0549963	-0.301776	0.154597	chr1_78628133_A_G	0.345238
2	-1.98577040318109	TRUE	1:78620571:78628951:clu_6456_-	1.2487e-17	-1.03722	0.090494	chr1_78628133_A_G	0.345238
1	-2.26472741974418	FALSE	1:78620571:78622850:clu_6456_-	0.0549963	-0.301776	0.154597	chr1_78628133_A_G	0.345238
0	1.1291761577078	FALSE	1:78620971:78628951:clu_6456_-	0.00025544	-0.513972	0.133279	chr1_78628133_A_G	0.345238
0	-0.541395085129088	FALSE	1:78628393:78628951:clu_6456_-	9.62065e-19	1.09253	0.0901978	chr1_78628133_A_G	0.345238
1	-0.192872498631767	FALSE	1:78620971:78628951:clu_6456_-	0.00025544	-0.513972	0.133279	chr1_78628133_A_G	0.345238
1	-0.345908121791338	FALSE	1:78620571:78635337:clu_6456_-	1.19129e-06	-0.643342	0.120805	chr1_78628133_A_G	0.345238
0	1.1291761577078	FALSE	1:78629915:78635337:clu_6456_-	0.196542	-0.203781	0.156264	chr1_78628133_A_G	0.345238
1	0.507556069065684	FALSE	1:78620571:78627906:clu_6456_-	4.59371e-17	0.998493	0.089667	chr1_78628133_A_G	0.345238
1	-0.721522283982343	FALSE	1:78620971:78628951:clu_6456_-	0.00025544	-0.513972	0.133279	chr1_78628133_A_G	0.345238
1	-0.2533471031358	TRUE	1:78620571:78628951:clu_6456_-	1.2487e-17	-1.03722	0.090494	chr1_78628133_A_G	0.345238
1	1.5647264713618	FALSE	1:78620971:78628951:clu_6456_-	0.00025544	-0.513972	0.133279	chr1_78628133_A_G	0.345238
1	-0.0147454065279029	FALSE	1:78620571:78627906:clu_6456_-	4.59371e-17	0.998493	0.089667	chr1_78628133_A_G	0.345238
0	-0.133095761626143	FALSE	1:78620571:78627906:clu_6456_-	4.59371e-17	0.998493	0.089667	chr1_78628133_A_G	0.345238
2	-1.02390033298064	FALSE	1:78620571:78635337:clu_6456_-	1.19129e-06	-0.643342	0.120805	chr1_78628133_A_G	0.345238
0	-0.192872498631767	FALSE	1:78629915:78635337:clu_6456_-	0.196542	-0.203781	0.156264	chr1_78628133_A_G	0.345238
0	0.103398051138894	FALSE	1:78628999:78629720:clu_6456_-	0.00231752	-0.475659	0.150352	chr1_78628133_A_G	0.345238
0	-0.441538039063518	FALSE	1:78628999:78635337:clu_6456_-	0.0153744	-0.325831	0.131107	chr1_78628133_A_G	0.345238
2	-0.377391943828554	FALSE	1:78620571:78622850:clu_6456_-	0.0549963	-0.301776	0.154597	chr1_78628133_A_G	0.345238
0	0.2533471031358	FALSE	1:78628999:78635337:clu_6456_-	0.0153744	-0.325831	0.131107	chr1_78628133_A_G	0.345238
2	0.884418039827597	FALSE	1:78620571:78627906:clu_6456_-	4.59371e-17	0.998493	0.089667	chr1_78628133_A_G	0.345238
1	-0.721522283982343	FALSE	1:78620571:78620944:clu_6456_-	0.205878	0.194731	0.15249	chr1_78628133_A_G	0.345238
1	0.441538039063518	FALSE	1:78620571:78627906:clu_6456_-	4.59371e-17	0.998493	0.089667	chr1_78628133_A_G	0.345238
0	-0.0442490521541924	FALSE	1:78620571:78627906:clu_6456_-	4.59371e-17	0.998493	0.089667	chr1_78628133_A_G	0.345238
0	0.0147454065279029	FALSE	1:78629915:78635337:clu_6456_-	0.196542	-0.203781	0.156264	chr1_78628133_A_G	0.345238
2	1.98577040318109	FALSE	1:78628393:78628951:clu_6456_-	9.62065e-19	1.09253	0.0901978	chr1_78628133_A_G	0.345238
0	1.67406590784054	FALSE	1:78620971:78628951:clu_6456_-	0.00025544	-0.513972	0.133279	chr1_78628133_A_G	0.345238
0	-0.841621233572914	FALSE	1:78620571:78627906:clu_6456_-	4.59371e-17	0.998493	0.089667	chr1_78628133_A_G	0.345238
2	-0.928899491647271	TRUE	1:78620571:78628951:clu_6456_-	1.2487e-17	-1.03722	0.090494	chr1_78628133_A_G	0.345238
1	0.975299406693437	FALSE	1:78620971:78628951:clu_6456_-	0.00025544	-0.513972	0.133279	chr1_78628133_A_G	0.345238
0	1.67406590784054	FALSE	1:78628999:78629720:clu_6456_-	0.00231752	-0.475659	0.150352	chr1_78628133_A_G	0.345238
1	-0.441538039063518	FALSE	1:78629915:78635337:clu_6456_-	0.196542	-0.203781	0.156264	chr1_78628133_A_G	0.345238
0	-0.975299406693437	FALSE	1:78620571:78620944:clu_6456_-	0.205878	0.194731	0.15249	chr1_78628133_A_G	0.345238
0	-0.345908121791338	FALSE	1:78620571:78620944:clu_6456_-	0.205878	0.194731	0.15249	chr1_78628133_A_G	0.345238
0	0.975299406693437	FALSE	1:78628999:78629720:clu_6456_-	0.00231752	-0.475659	0.150352	chr1_78628133_A_G	0.345238
1	-0.3147635663168	FALSE	1:78620571:78620944:clu_6456_-	0.205878	0.194731	0.15249	chr1_78628133_A_G	0.345238
1	0.646976645283972	FALSE	1:78628393:78628951:clu_6456_-	9.62065e-19	1.09253	0.0901978	chr1_78628133_A_G	0.345238
1	1.24872764523574	FALSE	1:78620571:78622850:clu_6456_-	0.0549963	-0.301776	0.154597	chr1_78628133_A_G	0.345238
1	-0.575865816744326	FALSE	1:78620571:78622850:clu_6456_-	0.0549963	-0.301776	0.154597	chr1_78628133_A_G	0.345238
1	-0.2533471031358	FALSE	1:78620571:78622850:clu_6456_-	0.0549963	-0.301776	0.154597	chr1_78628133_A_G	0.345238
0	-0.441538039063518	FALSE	1:78628999:78629720:clu_6456_-	0.00231752	-0.475659	0.150352	chr1_78628133_A_G	0.345238
1	-0.0147454065279029	FALSE	1:78629915:78635337:clu_6456_-	0.196542	-0.203781	0.156264	chr1_78628133_A_G	0.345238
1	-1.67406590784054	FALSE	1:78620571:78622850:clu_6456_-	0.0549963	-0.301776	0.154597	chr1_78628133_A_G	0.345238
0	-1.1291761577078	FALSE	1:78620971:78628951:clu_6456_-	0.00025544	-0.513972	0.133279	chr1_78628133_A_G	0.345238
0	-0.541395085129088	FALSE	1:78628999:78635337:clu_6456_-	0.0153744	-0.325831	0.131107	chr1_78628133_A_G	0.345238
2	0.377391943828554	FALSE	1:78620571:78622850:clu_6456_-	0.0549963	-0.301776	0.154597	chr1_78628133_A_G	0.345238
1	-0.377391943828554	FALSE	1:78629915:78635337:clu_6456_-	0.196542	-0.203781	0.156264	chr1_78628133_A_G	0.345238
1	-1.31581752981539	FALSE	1:78628999:78629720:clu_6456_-	0.00231752	-0.475659	0.150352	chr1_78628133_A_G	0.345238
1	0.721522283982343	FALSE	1:78620571:78635337:clu_6456_-	1.19129e-06	-0.643342	0.120805	chr1_78628133_A_G	0.345238
1	-0.721522283982343	TRUE	1:78620571:78628951:clu_6456_-	1.2487e-17	-1.03722	0.090494	chr1_78628133_A_G	0.345238
0	0.409254447344032	FALSE	1:78629915:78635337:clu_6456_-	0.196542	-0.203781	0.156264	chr1_78628133_A_G	0.345238
0	-0.721522283982343	FALSE	1:78620571:78622850:clu_6456_-	0.0549963	-0.301776	0.154597	chr1_78628133_A_G	0.345238
1	-0.683774379879299	TRUE	1:78620571:78628951:clu_6456_-	1.2487e-17	-1.03722	0.090494	chr1_78628133_A_G	0.345238
0	2.26472741974419	FALSE	1:78628999:78635337:clu_6456_-	0.0153744	-0.325831	0.131107	chr1_78628133_A_G	0.345238
0	0.683774379879299	FALSE	1:78620571:78620944:clu_6456_-	0.205878	0.194731	0.15249	chr1_78628133_A_G	0.345238
0	0.800313105648729	FALSE	1:78620971:78628951:clu_6456_-	0.00025544	-0.513972	0.133279	chr1_78628133_A_G	0.345238
0	-0.0442490521541924	FALSE	1:78620571:78622850:clu_6456_-	0.0549963	-0.301776	0.154597	chr1_78628133_A_G	0.345238
0	0.683774379879299	FALSE	1:78620571:78635337:clu_6456_-	1.19129e-06	-0.643342	0.120805	chr1_78628133_A_G	0.345238
0	-0.683774379879299	FALSE	1:78620571:78635337:clu_6456_-	1.19129e-06	-0.643342	0.120805	chr1_78628133_A_G	0.345238
1	0.507556069065684	FALSE	1:78628393:78628951:clu_6456_-	9.62065e-19	1.09253	0.0901978	chr1_78628133_A_G	0.345238
1	1.47142406017223	TRUE	1:78620571:78628951:clu_6456_-	1.2487e-17	-1.03722	0.090494	chr1_78628133_A_G	0.345238
1	0.377391943828554	FALSE	1:78620571:78635337:clu_6456_-	1.19129e-06	-0.643342	0.120805	chr1_78628133_A_G	0.345238
1	0.800313105648729	FALSE	1:78628393:78628951:clu_6456_-	9.62065e-19	1.09253	0.0901978	chr1_78628133_A_G	0.345238
0	-0.507556069065684	FALSE	1:78620571:78620944:clu_6456_-	0.205878	0.194731	0.15249	chr1_78628133_A_G	0.345238
0	-0.474288602972453	FALSE	1:78620571:78627906:clu_6456_-	4.59371e-17	0.998493	0.089667	chr1_78628133_A_G	0.345238
0	-1.07504866453499	FALSE	1:78620571:78620944:clu_6456_-	0.205878	0.194731	0.15249	chr1_78628133_A_G	0.345238
1	0.103398051138894	TRUE	1:78620571:78628951:clu_6456_-	1.2487e-17	-1.03722	0.090494	chr1_78628133_A_G	0.345238
1	0.162911348622918	FALSE	1:78629915:78635337:clu_6456_-	0.196542	-0.203781	0.156264	chr1_78628133_A_G	0.345238
0	1.38941733384107	FALSE	1:78620971:78628951:clu_6456_-	0.00025544	-0.513972	0.133279	chr1_78628133_A_G	0.345238
0	-0.683774379879299	FALSE	1:78629915:78635337:clu_6456_-	0.196542	-0.203781	0.156264	chr1_78628133_A_G	0.345238
0	-0.283921436543173	FALSE	1:78628393:78628951:clu_6456_-	9.62065e-19	1.09253	0.0901978	chr1_78628133_A_G	0.345238
1	1.18683143275582	FALSE	1:78628999:78629720:clu_6456_-	0.00231752	-0.475659	0.150352	chr1_78628133_A_G	0.345238
1	0.884418039827597	FALSE	1:78620571:78622850:clu_6456_-	0.0549963	-0.301776	0.154597	chr1_78628133_A_G	0.345238
0	-0.223007830940367	FALSE	1:78620571:78620944:clu_6456_-	0.205878	0.194731	0.15249	chr1_78628133_A_G	0.345238
1	0.611034908004407	FALSE	1:78620571:78620944:clu_6456_-	0.205878	0.194731	0.15249	chr1_78628133_A_G	0.345238
2	-0.975299406693437	FALSE	1:78628999:78635337:clu_6456_-	0.0153744	-0.325831	0.131107	chr1_78628133_A_G	0.345238
1	0.192872498631767	FALSE	1:78628393:78628951:clu_6456_-	9.62065e-19	1.09253	0.0901978	chr1_78628133_A_G	0.345238
2	1.31581752981539	FALSE	1:78620571:78627906:clu_6456_-	4.59371e-17	0.998493	0.089667	chr1_78628133_A_G	0.345238
1	-1.02390033298064	FALSE	1:78629915:78635337:clu_6456_-	0.196542	-0.203781	0.156264	chr1_78628133_A_G	0.345238
1	-0.377391943828554	TRUE	1:78620571:78628951:clu_6456_-	1.2487e-17	-1.03722	0.090494	chr1_78628133_A_G	0.345238
0	0.162911348622918	FALSE	1:78628999:78629720:clu_6456_-	0.00231752	-0.475659	0.150352	chr1_78628133_A_G	0.345238
1	-1.47142406017223	FALSE	1:78620571:78620944:clu_6456_-	0.205878	0.194731	0.15249	chr1_78628133_A_G	0.345238
1	-1.31581752981539	FALSE	1:78620571:78620944:clu_6456_-	0.205878	0.194731	0.15249	chr1_78628133_A_G	0.345238
1	-0.223007830940367	FALSE	1:78620571:78635337:clu_6456_-	1.19129e-06	-0.643342	0.120805	chr1_78628133_A_G	0.345238
0	-2.26472741974418	FALSE	1:78628393:78628951:clu_6456_-	9.62065e-19	1.09253	0.0901978	chr1_78628133_A_G	0.345238
2	1.07504866453499	FALSE	1:78620571:78627906:clu_6456_-	4.59371e-17	0.998493	0.089667	chr1_78628133_A_G	0.345238
0	2.26472741974419	FALSE	1:78629915:78635337:clu_6456_-	0.196542	-0.203781	0.156264	chr1_78628133_A_G	0.345238
2	-1.02390033298064	TRUE	1:78620571:78628951:clu_6456_-	1.2487e-17	-1.03722	0.090494	chr1_78628133_A_G	0.345238
0	-1.31581752981539	FALSE	1:78628999:78635337:clu_6456_-	0.0153744	-0.325831	0.131107	chr1_78628133_A_G	0.345238
0	0.0442490521541925	FALSE	1:78628999:78629720:clu_6456_-	0.00231752	-0.475659	0.150352	chr1_78628133_A_G	0.345238
0	1.80811737005717	TRUE	1:78620571:78628951:clu_6456_-	1.2487e-17	-1.03722	0.090494	chr1_78628133_A_G	0.345238
1	-0.507556069065684	TRUE	1:78620571:78628951:clu_6456_-	1.2487e-17	-1.03722	0.090494	chr1_78628133_A_G	0.345238
0	1.5647264713618	FALSE	1:78628999:78629720:clu_6456_-	0.00231752	-0.475659	0.150352	chr1_78628133_A_G	0.345238
0	0.0737912738082727	FALSE	1:78620571:78622850:clu_6456_-	0.0549963	-0.301776	0.154597	chr1_78628133_A_G	0.345238
0	-0.928899491647271	FALSE	1:78620571:78627906:clu_6456_-	4.59371e-17	0.998493	0.089667	chr1_78628133_A_G	0.345238
0	0.345908121791338	FALSE	1:78620971:78628951:clu_6456_-	0.00025544	-0.513972	0.133279	chr1_78628133_A_G	0.345238
1	0.646976645283972	FALSE	1:78629915:78635337:clu_6456_-	0.196542	-0.203781	0.156264	chr1_78628133_A_G	0.345238
1	0.377391943828554	FALSE	1:78628393:78628951:clu_6456_-	9.62065e-19	1.09253	0.0901978	chr1_78628133_A_G	0.345238
0	0.683774379879299	FALSE	1:78628999:78629720:clu_6456_-	0.00231752	-0.475659	0.150352	chr1_78628133_A_G	0.345238
1	-2.26472741974418	FALSE	1:78620571:78620944:clu_6456_-	0.205878	0.194731	0.15249	chr1_78628133_A_G	0.345238
2	0.223007830940367	FALSE	1:78620571:78622850:clu_6456_-	0.0549963	-0.301776	0.154597	chr1_78628133_A_G	0.345238
1	0.841621233572914	FALSE	1:78628393:78628951:clu_6456_-	9.62065e-19	1.09253	0.0901978	chr1_78628133_A_G	0.345238
0	-0.646976645283972	FALSE	1:78620571:78627906:clu_6456_-	4.59371e-17	0.998493	0.089667	chr1_78628133_A_G	0.345238
2	-1.02390033298064	FALSE	1:78620571:78622850:clu_6456_-	0.0549963	-0.301776	0.154597	chr1_78628133_A_G	0.345238
1	-0.975299406693437	FALSE	1:78620571:78622850:clu_6456_-	0.0549963	-0.301776	0.154597	chr1_78628133_A_G	0.345238
1	0.345908121791338	FALSE	1:78628393:78628951:clu_6456_-	9.62065e-19	1.09253	0.0901978	chr1_78628133_A_G	0.345238
1	-0.409254447344032	TRUE	1:78620571:78628951:clu_6456_-	1.2487e-17	-1.03722	0.090494	chr1_78628133_A_G	0.345238
0	0.800313105648729	FALSE	1:78620571:78635337:clu_6456_-	1.19129e-06	-0.643342	0.120805	chr1_78628133_A_G	0.345238
1	0.283921436543173	FALSE	1:78620571:78627906:clu_6456_-	4.59371e-17	0.998493	0.089667	chr1_78628133_A_G	0.345238
1	-1.38941733384107	FALSE	1:78620571:78622850:clu_6456_-	0.0549963	-0.301776	0.154597	chr1_78628133_A_G	0.345238
1	0.575865816744326	FALSE	1:78620571:78620944:clu_6456_-	0.205878	0.194731	0.15249	chr1_78628133_A_G	0.345238
0	0.133095761626143	FALSE	1:78620571:78622850:clu_6456_-	0.0549963	-0.301776	0.154597	chr1_78628133_A_G	0.345238
1	0.507556069065684	FALSE	1:78628999:78635337:clu_6456_-	0.0153744	-0.325831	0.131107	chr1_78628133_A_G	0.345238
2	-1.38941733384107	FALSE	1:78629915:78635337:clu_6456_-	0.196542	-0.203781	0.156264	chr1_78628133_A_G	0.345238
1	0.3147635663168	FALSE	1:78628393:78628951:clu_6456_-	9.62065e-19	1.09253	0.0901978	chr1_78628133_A_G	0.345238
0	-0.133095761626143	FALSE	1:78629915:78635337:clu_6456_-	0.196542	-0.203781	0.156264	chr1_78628133_A_G	0.345238
2	-1.38941733384107	FALSE	1:78628999:78635337:clu_6456_-	0.0153744	-0.325831	0.131107	chr1_78628133_A_G	0.345238
0	-0.683774379879299	FALSE	1:78620571:78627906:clu_6456_-	4.59371e-17	0.998493	0.089667	chr1_78628133_A_G	0.345238
1	-0.474288602972453	TRUE	1:78620571:78628951:clu_6456_-	1.2487e-17	-1.03722	0.090494	chr1_78628133_A_G	0.345238
1	1.02390033298064	FALSE	1:78629915:78635337:clu_6456_-	0.196542	-0.203781	0.156264	chr1_78628133_A_G	0.345238
0	-0.2533471031358	FALSE	1:78628393:78628951:clu_6456_-	9.62065e-19	1.09253	0.0901978	chr1_78628133_A_G	0.345238
0	0.928899491647271	FALSE	1:78620571:78635337:clu_6456_-	1.19129e-06	-0.643342	0.120805	chr1_78628133_A_G	0.345238
0	-0.2533471031358	FALSE	1:78620571:78627906:clu_6456_-	4.59371e-17	0.998493	0.089667	chr1_78628133_A_G	0.345238
0	0.800313105648729	FALSE	1:78628999:78635337:clu_6456_-	0.0153744	-0.325831	0.131107	chr1_78628133_A_G	0.345238
1	0.646976645283972	FALSE	1:78620571:78635337:clu_6456_-	1.19129e-06	-0.643342	0.120805	chr1_78628133_A_G	0.345238
1	1.67406590784054	FALSE	1:78620571:78627906:clu_6456_-	4.59371e-17	0.998493	0.089667	chr1_78628133_A_G	0.345238
0	0.683774379879299	FALSE	1:78629915:78635337:clu_6456_-	0.196542	-0.203781	0.156264	chr1_78628133_A_G	0.345238
1	-0.3147635663168	FALSE	1:78628999:78635337:clu_6456_-	0.0153744	-0.325831	0.131107	chr1_78628133_A_G	0.345238
0	-0.646976645283972	FALSE	1:78629915:78635337:clu_6456_-	0.196542	-0.203781	0.156264	chr1_78628133_A_G	0.345238
1	-0.162911348622918	FALSE	1:78628393:78628951:clu_6456_-	9.62065e-19	1.09253	0.0901978	chr1_78628133_A_G	0.345238
1	0.975299406693437	FALSE	1:78620571:78622850:clu_6456_-	0.0549963	-0.301776	0.154597	chr1_78628133_A_G	0.345238
1	1.38941733384107	FALSE	1:78628393:78628951:clu_6456_-	9.62065e-19	1.09253	0.0901978	chr1_78628133_A_G	0.345238
2	-0.800313105648729	FALSE	1:78628999:78629720:clu_6456_-	0.00231752	-0.475659	0.150352	chr1_78628133_A_G	0.345238
0	-0.192872498631767	FALSE	1:78620571:78635337:clu_6456_-	1.19129e-06	-0.643342	0.120805	chr1_78628133_A_G	0.345238
0	0.800313105648729	FALSE	1:78629915:78635337:clu_6456_-	0.196542	-0.203781	0.156264	chr1_78628133_A_G	0.345238
0	1.31581752981539	FALSE	1:78620971:78628951:clu_6456_-	0.00025544	-0.513972	0.133279	chr1_78628133_A_G	0.345238
0	-0.283921436543173	FALSE	1:78620971:78628951:clu_6456_-	0.00025544	-0.513972	0.133279	chr1_78628133_A_G	0.345238
1	0.721522283982343	FALSE	1:78620571:78627906:clu_6456_-	4.59371e-17	0.998493	0.089667	chr1_78628133_A_G	0.345238
1	-0.611034908004407	FALSE	1:78620571:78635337:clu_6456_-	1.19129e-06	-0.643342	0.120805	chr1_78628133_A_G	0.345238
0	-2.26472741974418	FALSE	1:78620571:78627906:clu_6456_-	4.59371e-17	0.998493	0.089667	chr1_78628133_A_G	0.345238
1	-0.283921436543173	FALSE	1:78620571:78635337:clu_6456_-	1.19129e-06	-0.643342	0.120805	chr1_78628133_A_G	0.345238
0	1.07504866453499	FALSE	1:78629915:78635337:clu_6456_-	0.196542	-0.203781	0.156264	chr1_78628133_A_G	0.345238
2	-0.841621233572914	FALSE	1:78620571:78635337:clu_6456_-	1.19129e-06	-0.643342	0.120805	chr1_78628133_A_G	0.345238
1	0.409254447344032	FALSE	1:78620571:78635337:clu_6456_-	1.19129e-06	-0.643342	0.120805	chr1_78628133_A_G	0.345238
1	-0.0442490521541924	TRUE	1:78620571:78628951:clu_6456_-	1.2487e-17	-1.03722	0.090494	chr1_78628133_A_G	0.345238
1	0.162911348622918	FALSE	1:78628393:78628951:clu_6456_-	9.62065e-19	1.09253	0.0901978	chr1_78628133_A_G	0.345238
0	0.283921436543173	TRUE	1:78620571:78628951:clu_6456_-	1.2487e-17	-1.03722	0.090494	chr1_78628133_A_G	0.345238
2	1.5647264713618	FALSE	1:78620571:78627906:clu_6456_-	4.59371e-17	0.998493	0.089667	chr1_78628133_A_G	0.345238
0	-1.67406590784054	FALSE	1:78620571:78627906:clu_6456_-	4.59371e-17	0.998493	0.089667	chr1_78628133_A_G	0.345238
1	0.611034908004407	FALSE	1:78628393:78628951:clu_6456_-	9.62065e-19	1.09253	0.0901978	chr1_78628133_A_G	0.345238
0	0.441538039063518	TRUE	1:78620571:78628951:clu_6456_-	1.2487e-17	-1.03722	0.090494	chr1_78628133_A_G	0.345238
1	-0.345908121791338	TRUE	1:78620571:78628951:clu_6456_-	1.2487e-17	-1.03722	0.090494	chr1_78628133_A_G	0.345238
1	-0.541395085129088	FALSE	1:78628999:78629720:clu_6456_-	0.00231752	-0.475659	0.150352	chr1_78628133_A_G	0.345238
0	-1.18683143275582	FALSE	1:78620571:78627906:clu_6456_-	4.59371e-17	0.998493	0.089667	chr1_78628133_A_G	0.345238
0	-1.38941733384107	FALSE	1:78620571:78627906:clu_6456_-	4.59371e-17	0.998493	0.089667	chr1_78628133_A_G	0.345238
1	-1.80811737005717	FALSE	1:78628999:78629720:clu_6456_-	0.00231752	-0.475659	0.150352	chr1_78628133_A_G	0.345238
0	1.98577040318109	TRUE	1:78620571:78628951:clu_6456_-	1.2487e-17	-1.03722	0.090494	chr1_78628133_A_G	0.345238
2	-0.133095761626143	FALSE	1:78620571:78635337:clu_6456_-	1.19129e-06	-0.643342	0.120805	chr1_78628133_A_G	0.345238
0	0.345908121791338	FALSE	1:78629915:78635337:clu_6456_-	0.196542	-0.203781	0.156264	chr1_78628133_A_G	0.345238
0	-0.884418039827597	FALSE	1:78620971:78628951:clu_6456_-	0.00025544	-0.513972	0.133279	chr1_78628133_A_G	0.345238
1	0.884418039827597	FALSE	1:78628999:78629720:clu_6456_-	0.00231752	-0.475659	0.150352	chr1_78628133_A_G	0.345238
0	-0.3147635663168	FALSE	1:78629915:78635337:clu_6456_-	0.196542	-0.203781	0.156264	chr1_78628133_A_G	0.345238
1	-1.67406590784054	FALSE	1:78620971:78628951:clu_6456_-	0.00025544	-0.513972	0.133279	chr1_78628133_A_G	0.345238
1	-0.541395085129088	TRUE	1:78620571:78628951:clu_6456_-	1.2487e-17	-1.03722	0.090494	chr1_78628133_A_G	0.345238
1	-1.5647264713618	FALSE	1:78620571:78635337:clu_6456_-	1.19129e-06	-0.643342	0.120805	chr1_78628133_A_G	0.345238
1	-0.345908121791338	FALSE	1:78628999:78635337:clu_6456_-	0.0153744	-0.325831	0.131107	chr1_78628133_A_G	0.345238
2	-0.975299406693437	FALSE	1:78620971:78628951:clu_6456_-	0.00025544	-0.513972	0.133279	chr1_78628133_A_G	0.345238
0	0.162911348622918	TRUE	1:78620571:78628951:clu_6456_-	1.2487e-17	-1.03722	0.090494	chr1_78628133_A_G	0.345238
0	-0.474288602972453	FALSE	1:78628393:78628951:clu_6456_-	9.62065e-19	1.09253	0.0901978	chr1_78628133_A_G	0.345238
0	0.133095761626143	FALSE	1:78628999:78629720:clu_6456_-	0.00231752	-0.475659	0.150352	chr1_78628133_A_G	0.345238
2	-0.2533471031358	FALSE	1:78620571:78635337:clu_6456_-	1.19129e-06	-0.643342	0.120805	chr1_78628133_A_G	0.345238
0	-0.345908121791338	FALSE	1:78620571:78627906:clu_6456_-	4.59371e-17	0.998493	0.089667	chr1_78628133_A_G	0.345238
0	-0.409254447344032	FALSE	1:78620571:78627906:clu_6456_-	4.59371e-17	0.998493	0.089667	chr1_78628133_A_G	0.345238
0	-2.26472741974418	FALSE	1:78629915:78635337:clu_6456_-	0.196542	-0.203781	0.156264	chr1_78628133_A_G	0.345238
0	-1.18683143275582	FALSE	1:78620571:78620944:clu_6456_-	0.205878	0.194731	0.15249	chr1_78628133_A_G	0.345238
1	1.31581752981539	FALSE	1:78620571:78622850:clu_6456_-	0.0549963	-0.301776	0.154597	chr1_78628133_A_G	0.345238
2	-0.162911348622918	FALSE	1:78628999:78629720:clu_6456_-	0.00231752	-0.475659	0.150352	chr1_78628133_A_G	0.345238
1	-0.409254447344032	FALSE	1:78628999:78629720:clu_6456_-	0.00231752	-0.475659	0.150352	chr1_78628133_A_G	0.345238
1	-0.721522283982343	FALSE	1:78628999:78635337:clu_6456_-	0.0153744	-0.325831	0.131107	chr1_78628133_A_G	0.345238
0	1.38941733384107	FALSE	1:78628999:78629720:clu_6456_-	0.00231752	-0.475659	0.150352	chr1_78628133_A_G	0.345238
0	-0.884418039827597	FALSE	1:78620571:78620944:clu_6456_-	0.205878	0.194731	0.15249	chr1_78628133_A_G	0.345238
0	0.377391943828554	FALSE	1:78620571:78620944:clu_6456_-	0.205878	0.194731	0.15249	chr1_78628133_A_G	0.345238
2	-0.928899491647271	FALSE	1:78628999:78629720:clu_6456_-	0.00231752	-0.475659	0.150352	chr1_78628133_A_G	0.345238
1	-0.0442490521541924	FALSE	1:78628393:78628951:clu_6456_-	9.62065e-19	1.09253	0.0901978	chr1_78628133_A_G	0.345238
1	-0.928899491647271	FALSE	1:78620971:78628951:clu_6456_-	0.00025544	-0.513972	0.133279	chr1_78628133_A_G	0.345238
1	-0.611034908004407	FALSE	1:78629915:78635337:clu_6456_-	0.196542	-0.203781	0.156264	chr1_78628133_A_G	0.345238
0	-1.18683143275582	FALSE	1:78620571:78622850:clu_6456_-	0.0549963	-0.301776	0.154597	chr1_78628133_A_G	0.345238
1	-0.541395085129088	FALSE	1:78629915:78635337:clu_6456_-	0.196542	-0.203781	0.156264	chr1_78628133_A_G	0.345238
1	0.611034908004407	FALSE	1:78620571:78627906:clu_6456_-	4.59371e-17	0.998493	0.089667	chr1_78628133_A_G	0.345238
0	-0.3147635663168	FALSE	1:78620571:78635337:clu_6456_-	1.19129e-06	-0.643342	0.120805	chr1_78628133_A_G	0.345238
1	-0.884418039827597	FALSE	1:78620571:78627906:clu_6456_-	4.59371e-17	0.998493	0.089667	chr1_78628133_A_G	0.345238
1	1.98577040318109	FALSE	1:78620571:78620944:clu_6456_-	0.205878	0.194731	0.15249	chr1_78628133_A_G	0.345238
1	-0.441538039063518	FALSE	1:78620571:78622850:clu_6456_-	0.0549963	-0.301776	0.154597	chr1_78628133_A_G	0.345238
1	-0.133095761626143	FALSE	1:78628999:78629720:clu_6456_-	0.00231752	-0.475659	0.150352	chr1_78628133_A_G	0.345238
2	0.283921436543173	FALSE	1:78628999:78629720:clu_6456_-	0.00231752	-0.475659	0.150352	chr1_78628133_A_G	0.345238
2	0.3147635663168	FALSE	1:78629915:78635337:clu_6456_-	0.196542	-0.203781	0.156264	chr1_78628133_A_G	0.345238
1	-0.0147454065279029	FALSE	1:78620971:78628951:clu_6456_-	0.00025544	-0.513972	0.133279	chr1_78628133_A_G	0.345238
0	0.103398051138894	FALSE	1:78620571:78627906:clu_6456_-	4.59371e-17	0.998493	0.089667	chr1_78628133_A_G	0.345238
1	-1.1291761577078	FALSE	1:78628999:78629720:clu_6456_-	0.00231752	-0.475659	0.150352	chr1_78628133_A_G	0.345238
0	1.47142406017223	FALSE	1:78620571:78620944:clu_6456_-	0.205878	0.194731	0.15249	chr1_78628133_A_G	0.345238
0	-1.02390033298064	FALSE	1:78628999:78629720:clu_6456_-	0.00231752	-0.475659	0.150352	chr1_78628133_A_G	0.345238
0	-0.441538039063518	FALSE	1:78620571:78635337:clu_6456_-	1.19129e-06	-0.643342	0.120805	chr1_78628133_A_G	0.345238
0	1.24872764523574	FALSE	1:78620971:78628951:clu_6456_-	0.00025544	-0.513972	0.133279	chr1_78628133_A_G	0.345238
1	0.2533471031358	FALSE	1:78628999:78629720:clu_6456_-	0.00231752	-0.475659	0.150352	chr1_78628133_A_G	0.345238
0	1.02390033298064	FALSE	1:78628999:78629720:clu_6456_-	0.00231752	-0.475659	0.150352	chr1_78628133_A_G	0.345238
0	0.133095761626143	FALSE	1:78620971:78628951:clu_6456_-	0.00025544	-0.513972	0.133279	chr1_78628133_A_G	0.345238
0	0.721522283982343	FALSE	1:78620971:78628951:clu_6456_-	0.00025544	-0.513972	0.133279	chr1_78628133_A_G	0.345238
0	-1.02390033298064	FALSE	1:78628999:78635337:clu_6456_-	0.0153744	-0.325831	0.131107	chr1_78628133_A_G	0.345238
1	1.98577040318109	FALSE	1:78628999:78635337:clu_6456_-	0.0153744	-0.325831	0.131107	chr1_78628133_A_G	0.345238
0	-1.38941733384107	FALSE	1:78620571:78620944:clu_6456_-	0.205878	0.194731	0.15249	chr1_78628133_A_G	0.345238
1	0.377391943828554	FALSE	1:78628999:78635337:clu_6456_-	0.0153744	-0.325831	0.131107	chr1_78628133_A_G	0.345238
0	0.541395085129088	FALSE	1:78629915:78635337:clu_6456_-	0.196542	-0.203781	0.156264	chr1_78628133_A_G	0.345238
1	0.2533471031358	FALSE	1:78629915:78635337:clu_6456_-	0.196542	-0.203781	0.156264	chr1_78628133_A_G	0.345238
2	0.575865816744326	FALSE	1:78628393:78628951:clu_6456_-	9.62065e-19	1.09253	0.0901978	chr1_78628133_A_G	0.345238
1	-0.646976645283972	FALSE	1:78620571:78622850:clu_6456_-	0.0549963	-0.301776	0.154597	chr1_78628133_A_G	0.345238
1	0.884418039827597	FALSE	1:78620571:78620944:clu_6456_-	0.205878	0.194731	0.15249	chr1_78628133_A_G	0.345238
0	0.441538039063518	FALSE	1:78620571:78620944:clu_6456_-	0.205878	0.194731	0.15249	chr1_78628133_A_G	0.345238
1	0.377391943828554	FALSE	1:78620571:78627906:clu_6456_-	4.59371e-17	0.998493	0.089667	chr1_78628133_A_G	0.345238
2	-0.474288602972453	FALSE	1:78620971:78628951:clu_6456_-	0.00025544	-0.513972	0.133279	chr1_78628133_A_G	0.345238
1	0.409254447344032	FALSE	1:78628999:78635337:clu_6456_-	0.0153744	-0.325831	0.131107	chr1_78628133_A_G	0.345238
2	0.223007830940367	FALSE	1:78629915:78635337:clu_6456_-	0.196542	-0.203781	0.156264	chr1_78628133_A_G	0.345238
1	-1.07504866453499	FALSE	1:78629915:78635337:clu_6456_-	0.196542	-0.203781	0.156264	chr1_78628133_A_G	0.345238
0	0.3147635663168	FALSE	1:78628999:78635337:clu_6456_-	0.0153744	-0.325831	0.131107	chr1_78628133_A_G	0.345238
0	0.474288602972453	FALSE	1:78628999:78629720:clu_6456_-	0.00231752	-0.475659	0.150352	chr1_78628133_A_G	0.345238
2	-0.721522283982343	FALSE	1:78620571:78635337:clu_6456_-	1.19129e-06	-0.643342	0.120805	chr1_78628133_A_G	0.345238
2	-1.07504866453499	FALSE	1:78620571:78635337:clu_6456_-	1.19129e-06	-0.643342	0.120805	chr1_78628133_A_G	0.345238
1	0.441538039063518	FALSE	1:78620971:78628951:clu_6456_-	0.00025544	-0.513972	0.133279	chr1_78628133_A_G	0.345238
0	-0.192872498631767	FALSE	1:78620571:78627906:clu_6456_-	4.59371e-17	0.998493	0.089667	chr1_78628133_A_G	0.345238
0	-0.3147635663168	FALSE	1:78620971:78628951:clu_6456_-	0.00025544	-0.513972	0.133279	chr1_78628133_A_G	0.345238
1	-0.800313105648729	FALSE	1:78620971:78628951:clu_6456_-	0.00025544	-0.513972	0.133279	chr1_78628133_A_G	0.345238
0	-0.0442490521541924	FALSE	1:78628999:78629720:clu_6456_-	0.00231752	-0.475659	0.150352	chr1_78628133_A_G	0.345238
1	0.507556069065684	FALSE	1:78629915:78635337:clu_6456_-	0.196542	-0.203781	0.156264	chr1_78628133_A_G	0.345238
2	1.24872764523574	FALSE	1:78628393:78628951:clu_6456_-	9.62065e-19	1.09253	0.0901978	chr1_78628133_A_G	0.345238
2	0.841621233572914	FALSE	1:78620571:78620944:clu_6456_-	0.205878	0.194731	0.15249	chr1_78628133_A_G	0.345238
1	-0.474288602972453	FALSE	1:78628999:78629720:clu_6456_-	0.00231752	-0.475659	0.150352	chr1_78628133_A_G	0.345238
1	0.283921436543173	FALSE	1:78629915:78635337:clu_6456_-	0.196542	-0.203781	0.156264	chr1_78628133_A_G	0.345238
1	0.507556069065684	FALSE	1:78620571:78620944:clu_6456_-	0.205878	0.194731	0.15249	chr1_78628133_A_G	0.345238
0	0.541395085129088	TRUE	1:78620571:78628951:clu_6456_-	1.2487e-17	-1.03722	0.090494	chr1_78628133_A_G	0.345238
0	1.18683143275582	TRUE	1:78620571:78628951:clu_6456_-	1.2487e-17	-1.03722	0.090494	chr1_78628133_A_G	0.345238
0	-1.47142406017223	FALSE	1:78620571:78627906:clu_6456_-	4.59371e-17	0.998493	0.089667	chr1_78628133_A_G	0.345238
0	-1.98577040318109	FALSE	1:78620571:78627906:clu_6456_-	4.59371e-17	0.998493	0.089667	chr1_78628133_A_G	0.345238
1	1.24872764523574	FALSE	1:78628999:78629720:clu_6456_-	0.00231752	-0.475659	0.150352	chr1_78628133_A_G	0.345238
1	0.3147635663168	FALSE	1:78620971:78628951:clu_6456_-	0.00025544	-0.513972	0.133279	chr1_78628133_A_G	0.345238
0	-2.26472741974418	FALSE	1:78620971:78628951:clu_6456_-	0.00025544	-0.513972	0.133279	chr1_78628133_A_G	0.345238
0	-0.975299406693437	FALSE	1:78628393:78628951:clu_6456_-	9.62065e-19	1.09253	0.0901978	chr1_78628133_A_G	0.345238
1	-0.192872498631767	TRUE	1:78620571:78628951:clu_6456_-	1.2487e-17	-1.03722	0.090494	chr1_78628133_A_G	0.345238
0	1.02390033298064	TRUE	1:78620571:78628951:clu_6456_-	1.2487e-17	-1.03722	0.090494	chr1_78628133_A_G	0.345238
2	-0.646976645283972	FALSE	1:78628999:78629720:clu_6456_-	0.00231752	-0.475659	0.150352	chr1_78628133_A_G	0.345238
1	-0.0147454065279029	FALSE	1:78628393:78628951:clu_6456_-	9.62065e-19	1.09253	0.0901978	chr1_78628133_A_G	0.345238
1	0.409254447344032	FALSE	1:78620571:78627906:clu_6456_-	4.59371e-17	0.998493	0.089667	chr1_78628133_A_G	0.345238
2	-0.103398051138894	FALSE	1:78620971:78628951:clu_6456_-	0.00025544	-0.513972	0.133279	chr1_78628133_A_G	0.345238
0	0.928899491647271	FALSE	1:78628999:78629720:clu_6456_-	0.00231752	-0.475659	0.150352	chr1_78628133_A_G	0.345238
0	0.345908121791338	TRUE	1:78620571:78628951:clu_6456_-	1.2487e-17	-1.03722	0.090494	chr1_78628133_A_G	0.345238
1	-0.162911348622918	FALSE	1:78620571:78627906:clu_6456_-	4.59371e-17	0.998493	0.089667	chr1_78628133_A_G	0.345238
1	-1.07504866453499	FALSE	1:78620971:78628951:clu_6456_-	0.00025544	-0.513972	0.133279	chr1_78628133_A_G	0.345238
2	-0.2533471031358	FALSE	1:78620571:78620944:clu_6456_-	0.205878	0.194731	0.15249	chr1_78628133_A_G	0.345238
1	-1.5647264713618	FALSE	1:78620571:78622850:clu_6456_-	0.0549963	-0.301776	0.154597	chr1_78628133_A_G	0.345238
2	-0.575865816744326	FALSE	1:78628999:78635337:clu_6456_-	0.0153744	-0.325831	0.131107	chr1_78628133_A_G	0.345238
1	0.611034908004407	FALSE	1:78620571:78622850:clu_6456_-	0.0549963	-0.301776	0.154597	chr1_78628133_A_G	0.345238
0	-0.575865816744326	FALSE	1:78628999:78629720:clu_6456_-	0.00231752	-0.475659	0.150352	chr1_78628133_A_G	0.345238
0	-1.02390033298064	FALSE	1:78628393:78628951:clu_6456_-	9.62065e-19	1.09253	0.0901978	chr1_78628133_A_G	0.345238
1	0.377391943828554	FALSE	1:78620971:78628951:clu_6456_-	0.00025544	-0.513972	0.133279	chr1_78628133_A_G	0.345238
1	0.646976645283972	FALSE	1:78628999:78635337:clu_6456_-	0.0153744	-0.325831	0.131107	chr1_78628133_A_G	0.345238
1	-0.884418039827597	FALSE	1:78628999:78629720:clu_6456_-	0.00231752	-0.475659	0.150352	chr1_78628133_A_G	0.345238
0	0.975299406693437	FALSE	1:78620571:78620944:clu_6456_-	0.205878	0.194731	0.15249	chr1_78628133_A_G	0.345238
0	0.507556069065684	FALSE	1:78628999:78629720:clu_6456_-	0.00231752	-0.475659	0.150352	chr1_78628133_A_G	0.345238
2	0.0737912738082727	FALSE	1:78620571:78627906:clu_6456_-	4.59371e-17	0.998493	0.089667	chr1_78628133_A_G	0.345238
0	-0.975299406693437	FALSE	1:78629915:78635337:clu_6456_-	0.196542	-0.203781	0.156264	chr1_78628133_A_G	0.345238
0	0.474288602972453	FALSE	1:78620971:78628951:clu_6456_-	0.00025544	-0.513972	0.133279	chr1_78628133_A_G	0.345238
1	0.0147454065279029	TRUE	1:78620571:78628951:clu_6456_-	1.2487e-17	-1.03722	0.090494	chr1_78628133_A_G	0.345238
1	0.541395085129088	FALSE	1:78620971:78628951:clu_6456_-	0.00025544	-0.513972	0.133279	chr1_78628133_A_G	0.345238
1	-0.0737912738082727	FALSE	1:78620971:78628951:clu_6456_-	0.00025544	-0.513972	0.133279	chr1_78628133_A_G	0.345238
0	-0.0147454065279029	FALSE	1:78620571:78622850:clu_6456_-	0.0549963	-0.301776	0.154597	chr1_78628133_A_G	0.345238
1	1.67406590784054	FALSE	1:78629915:78635337:clu_6456_-	0.196542	-0.203781	0.156264	chr1_78628133_A_G	0.345238
0	-0.884418039827597	FALSE	1:78628393:78628951:clu_6456_-	9.62065e-19	1.09253	0.0901978	chr1_78628133_A_G	0.345238
0	-0.760327540636133	FALSE	1:78628393:78628951:clu_6456_-	9.62065e-19	1.09253	0.0901978	chr1_78628133_A_G	0.345238
0	-0.884418039827597	FALSE	1:78620571:78622850:clu_6456_-	0.0549963	-0.301776	0.154597	chr1_78628133_A_G	0.345238
0	0.975299406693437	TRUE	1:78620571:78628951:clu_6456_-	1.2487e-17	-1.03722	0.090494	chr1_78628133_A_G	0.345238
2	-1.1291761577078	TRUE	1:78620571:78628951:clu_6456_-	1.2487e-17	-1.03722	0.090494	chr1_78628133_A_G	0.345238
0	-0.409254447344032	FALSE	1:78620571:78620944:clu_6456_-	0.205878	0.194731	0.15249	chr1_78628133_A_G	0.345238
0	-0.0737912738082727	FALSE	1:78629915:78635337:clu_6456_-	0.196542	-0.203781	0.156264	chr1_78628133_A_G	0.345238
1	0.0147454065279029	FALSE	1:78620571:78627906:clu_6456_-	4.59371e-17	0.998493	0.089667	chr1_78628133_A_G	0.345238
0	-0.377391943828554	FALSE	1:78620571:78627906:clu_6456_-	4.59371e-17	0.998493	0.089667	chr1_78628133_A_G	0.345238
2	-0.507556069065684	FALSE	1:78628999:78629720:clu_6456_-	0.00231752	-0.475659	0.150352	chr1_78628133_A_G	0.345238
0	-0.162911348622918	FALSE	1:78620571:78635337:clu_6456_-	1.19129e-06	-0.643342	0.120805	chr1_78628133_A_G	0.345238
0	-0.133095761626143	FALSE	1:78620971:78628951:clu_6456_-	0.00025544	-0.513972	0.133279	chr1_78628133_A_G	0.345238
2	-1.18683143275582	TRUE	1:78620571:78628951:clu_6456_-	1.2487e-17	-1.03722	0.090494	chr1_78628133_A_G	0.345238
1	0.409254447344032	FALSE	1:78620571:78620944:clu_6456_-	0.205878	0.194731	0.15249	chr1_78628133_A_G	0.345238
2	0.0737912738082727	FALSE	1:78620971:78628951:clu_6456_-	0.00025544	-0.513972	0.133279	chr1_78628133_A_G	0.345238
1	-0.507556069065684	FALSE	1:78629915:78635337:clu_6456_-	0.196542	-0.203781	0.156264	chr1_78628133_A_G	0.345238
0	1.5647264713618	TRUE	1:78620571:78628951:clu_6456_-	1.2487e-17	-1.03722	0.090494	chr1_78628133_A_G	0.345238
2	-0.841621233572914	FALSE	1:78620571:78622850:clu_6456_-	0.0549963	-0.301776	0.154597	chr1_78628133_A_G	0.345238
0	0.760327540636133	FALSE	1:78620571:78635337:clu_6456_-	1.19129e-06	-0.643342	0.120805	chr1_78628133_A_G	0.345238
0	0.0737912738082727	FALSE	1:78620571:78620944:clu_6456_-	0.205878	0.194731	0.15249	chr1_78628133_A_G	0.345238
2	1.47142406017223	FALSE	1:78628393:78628951:clu_6456_-	9.62065e-19	1.09253	0.0901978	chr1_78628133_A_G	0.345238
1	0.2533471031358	FALSE	1:78620571:78620944:clu_6456_-	0.205878	0.194731	0.15249	chr1_78628133_A_G	0.345238
0	0.162911348622918	FALSE	1:78620571:78622850:clu_6456_-	0.0549963	-0.301776	0.154597	chr1_78628133_A_G	0.345238
0	0.283921436543173	FALSE	1:78620571:78622850:clu_6456_-	0.0549963	-0.301776	0.154597	chr1_78628133_A_G	0.345238
1	0.103398051138894	FALSE	1:78628999:78635337:clu_6456_-	0.0153744	-0.325831	0.131107	chr1_78628133_A_G	0.345238
0	0.192872498631767	TRUE	1:78620571:78628951:clu_6456_-	1.2487e-17	-1.03722	0.090494	chr1_78628133_A_G	0.345238
1	0.162911348622918	FALSE	1:78620971:78628951:clu_6456_-	0.00025544	-0.513972	0.133279	chr1_78628133_A_G	0.345238
0	-0.507556069065684	FALSE	1:78620571:78622850:clu_6456_-	0.0549963	-0.301776	0.154597	chr1_78628133_A_G	0.345238
1	0.192872498631767	FALSE	1:78620571:78622850:clu_6456_-	0.0549963	-0.301776	0.154597	chr1_78628133_A_G	0.345238
1	-0.800313105648729	TRUE	1:78620571:78628951:clu_6456_-	1.2487e-17	-1.03722	0.090494	chr1_78628133_A_G	0.345238
0	-0.223007830940367	FALSE	1:78628999:78629720:clu_6456_-	0.00231752	-0.475659	0.150352	chr1_78628133_A_G	0.345238
1	0.0737912738082727	FALSE	1:78628999:78635337:clu_6456_-	0.0153744	-0.325831	0.131107	chr1_78628133_A_G	0.345238
0	1.5647264713618	FALSE	1:78629915:78635337:clu_6456_-	0.196542	-0.203781	0.156264	chr1_78628133_A_G	0.345238
0	0.884418039827597	FALSE	1:78620971:78628951:clu_6456_-	0.00025544	-0.513972	0.133279	chr1_78628133_A_G	0.345238
0	1.98577040318109	FALSE	1:78620571:78635337:clu_6456_-	1.19129e-06	-0.643342	0.120805	chr1_78628133_A_G	0.345238
0	0.0442490521541925	FALSE	1:78629915:78635337:clu_6456_-	0.196542	-0.203781	0.156264	chr1_78628133_A_G	0.345238
0	-0.283921436543173	FALSE	1:78620571:78620944:clu_6456_-	0.205878	0.194731	0.15249	chr1_78628133_A_G	0.345238
2	-1.5647264713618	FALSE	1:78628999:78629720:clu_6456_-	0.00231752	-0.475659	0.150352	chr1_78628133_A_G	0.345238
0	0.0442490521541925	FALSE	1:78620571:78627906:clu_6456_-	4.59371e-17	0.998493	0.089667	chr1_78628133_A_G	0.345238
0	-0.928899491647271	FALSE	1:78628393:78628951:clu_6456_-	9.62065e-19	1.09253	0.0901978	chr1_78628133_A_G	0.345238
1	0.283921436543173	FALSE	1:78628999:78635337:clu_6456_-	0.0153744	-0.325831	0.131107	chr1_78628133_A_G	0.345238
0	-0.377391943828554	FALSE	1:78620971:78628951:clu_6456_-	0.00025544	-0.513972	0.133279	chr1_78628133_A_G	0.345238
1	0.3147635663168	FALSE	1:78620571:78627906:clu_6456_-	4.59371e-17	0.998493	0.089667	chr1_78628133_A_G	0.345238
0	0.541395085129088	FALSE	1:78620571:78622850:clu_6456_-	0.0549963	-0.301776	0.154597	chr1_78628133_A_G	0.345238
0	-1.80811737005717	FALSE	1:78628393:78628951:clu_6456_-	9.62065e-19	1.09253	0.0901978	chr1_78628133_A_G	0.345238
2	1.47142406017223	FALSE	1:78628999:78629720:clu_6456_-	0.00231752	-0.475659	0.150352	chr1_78628133_A_G	0.345238
1	0.441538039063518	FALSE	1:78620571:78622850:clu_6456_-	0.0549963	-0.301776	0.154597	chr1_78628133_A_G	0.345238
1	0.721522283982343	FALSE	1:78628393:78628951:clu_6456_-	9.62065e-19	1.09253	0.0901978	chr1_78628133_A_G	0.345238
1	0.223007830940367	FALSE	1:78628393:78628951:clu_6456_-	9.62065e-19	1.09253	0.0901978	chr1_78628133_A_G	0.345238
1	-0.409254447344032	FALSE	1:78620571:78635337:clu_6456_-	1.19129e-06	-0.643342	0.120805	chr1_78628133_A_G	0.345238
0	0.646976645283972	FALSE	1:78620571:78622850:clu_6456_-	0.0549963	-0.301776	0.154597	chr1_78628133_A_G	0.345238
1	0.541395085129088	FALSE	1:78628999:78635337:clu_6456_-	0.0153744	-0.325831	0.131107	chr1_78628133_A_G	0.345238
1	0.223007830940367	FALSE	1:78620571:78635337:clu_6456_-	1.19129e-06	-0.643342	0.120805	chr1_78628133_A_G	0.345238
1	0.162911348622918	FALSE	1:78620571:78635337:clu_6456_-	1.19129e-06	-0.643342	0.120805	chr1_78628133_A_G	0.345238
0	0.223007830940367	TRUE	1:78620571:78628951:clu_6456_-	1.2487e-17	-1.03722	0.090494	chr1_78628133_A_G	0.345238
1	-0.103398051138894	TRUE	1:78620571:78628951:clu_6456_-	1.2487e-17	-1.03722	0.090494	chr1_78628133_A_G	0.345238
2	1.67406590784054	FALSE	1:78620571:78620944:clu_6456_-	0.205878	0.194731	0.15249	chr1_78628133_A_G	0.345238
1	-0.377391943828554	FALSE	1:78620571:78620944:clu_6456_-	0.205878	0.194731	0.15249	chr1_78628133_A_G	0.345238
2	1.31581752981539	FALSE	1:78629915:78635337:clu_6456_-	0.196542	-0.203781	0.156264	chr1_78628133_A_G	0.345238
0	1.07504866453499	FALSE	1:78628999:78629720:clu_6456_-	0.00231752	-0.475659	0.150352	chr1_78628133_A_G	0.345238
1	-1.98577040318109	FALSE	1:78620571:78635337:clu_6456_-	1.19129e-06	-0.643342	0.120805	chr1_78628133_A_G	0.345238
2	-0.0442490521541924	FALSE	1:78620571:78620944:clu_6456_-	0.205878	0.194731	0.15249	chr1_78628133_A_G	0.345238
1	0.192872498631767	FALSE	1:78629915:78635337:clu_6456_-	0.196542	-0.203781	0.156264	chr1_78628133_A_G	0.345238
0	0.0737912738082727	TRUE	1:78620571:78628951:clu_6456_-	1.2487e-17	-1.03722	0.090494	chr1_78628133_A_G	0.345238
2	-1.31581752981539	FALSE	1:78620571:78622850:clu_6456_-	0.0549963	-0.301776	0.154597	chr1_78628133_A_G	0.345238
2	-0.223007830940367	FALSE	1:78628999:78635337:clu_6456_-	0.0153744	-0.325831	0.131107	chr1_78628133_A_G	0.345238
0	-1.80811737005717	FALSE	1:78620571:78627906:clu_6456_-	4.59371e-17	0.998493	0.089667	chr1_78628133_A_G	0.345238
1	-0.223007830940367	FALSE	1:78629915:78635337:clu_6456_-	0.196542	-0.203781	0.156264	chr1_78628133_A_G	0.345238
2	-0.441538039063518	FALSE	1:78620971:78628951:clu_6456_-	0.00025544	-0.513972	0.133279	chr1_78628133_A_G	0.345238
1	-0.721522283982343	FALSE	1:78629915:78635337:clu_6456_-	0.196542	-0.203781	0.156264	chr1_78628133_A_G	0.345238
0	-1.5647264713618	FALSE	1:78620571:78627906:clu_6456_-	4.59371e-17	0.998493	0.089667	chr1_78628133_A_G	0.345238
0	0.2533471031358	TRUE	1:78620571:78628951:clu_6456_-	1.2487e-17	-1.03722	0.090494	chr1_78628133_A_G	0.345238
2	-1.24872764523574	FALSE	1:78628999:78629720:clu_6456_-	0.00231752	-0.475659	0.150352	chr1_78628133_A_G	0.345238
0	-0.611034908004407	FALSE	1:78620571:78627906:clu_6456_-	4.59371e-17	0.998493	0.089667	chr1_78628133_A_G	0.345238
0	-1.1291761577078	FALSE	1:78620571:78627906:clu_6456_-	4.59371e-17	0.998493	0.089667	chr1_78628133_A_G	0.345238
1	-1.67406590784054	TRUE	1:78620571:78628951:clu_6456_-	1.2487e-17	-1.03722	0.090494	chr1_78628133_A_G	0.345238
1	-0.683774379879299	FALSE	1:78620571:78620944:clu_6456_-	0.205878	0.194731	0.15249	chr1_78628133_A_G	0.345238
1	-0.0147454065279029	FALSE	1:78620571:78635337:clu_6456_-	1.19129e-06	-0.643342	0.120805	chr1_78628133_A_G	0.345238
0	0.884418039827597	FALSE	1:78628999:78635337:clu_6456_-	0.0153744	-0.325831	0.131107	chr1_78628133_A_G	0.345238
0	-0.103398051138894	FALSE	1:78620571:78620944:clu_6456_-	0.205878	0.194731	0.15249	chr1_78628133_A_G	0.345238
1	-0.162911348622918	TRUE	1:78620571:78628951:clu_6456_-	1.2487e-17	-1.03722	0.090494	chr1_78628133_A_G	0.345238
0	1.31581752981539	TRUE	1:78620571:78628951:clu_6456_-	1.2487e-17	-1.03722	0.090494	chr1_78628133_A_G	0.345238
1	0.646976645283972	FALSE	1:78620571:78627906:clu_6456_-	4.59371e-17	0.998493	0.089667	chr1_78628133_A_G	0.345238
0	1.07504866453499	FALSE	1:78620571:78635337:clu_6456_-	1.19129e-06	-0.643342	0.120805	chr1_78628133_A_G	0.345238
0	0.345908121791338	FALSE	1:78620571:78635337:clu_6456_-	1.19129e-06	-0.643342	0.120805	chr1_78628133_A_G	0.345238
1	0.283921436543173	FALSE	1:78620571:78620944:clu_6456_-	0.205878	0.194731	0.15249	chr1_78628133_A_G	0.345238
1	0.283921436543173	FALSE	1:78620971:78628951:clu_6456_-	0.00025544	-0.513972	0.133279	chr1_78628133_A_G	0.345238
1	0.0147454065279029	FALSE	1:78628999:78629720:clu_6456_-	0.00231752	-0.475659	0.150352	chr1_78628133_A_G	0.345238
1	-0.103398051138894	FALSE	1:78620571:78635337:clu_6456_-	1.19129e-06	-0.643342	0.120805	chr1_78628133_A_G	0.345238
1	0.0442490521541925	FALSE	1:78620571:78622850:clu_6456_-	0.0549963	-0.301776	0.154597	chr1_78628133_A_G	0.345238
1	-0.760327540636133	FALSE	1:78620571:78622850:clu_6456_-	0.0549963	-0.301776	0.154597	chr1_78628133_A_G	0.345238
1	0.683774379879299	FALSE	1:78628999:78635337:clu_6456_-	0.0153744	-0.325831	0.131107	chr1_78628133_A_G	0.345238
0	-0.283921436543173	FALSE	1:78628999:78635337:clu_6456_-	0.0153744	-0.325831	0.131107	chr1_78628133_A_G	0.345238
0	0.3147635663168	FALSE	1:78628999:78629720:clu_6456_-	0.00231752	-0.475659	0.150352	chr1_78628133_A_G	0.345238
0	0.377391943828554	FALSE	1:78629915:78635337:clu_6456_-	0.196542	-0.203781	0.156264	chr1_78628133_A_G	0.345238
1	-0.0147454065279029	FALSE	1:78628999:78629720:clu_6456_-	0.00231752	-0.475659	0.150352	chr1_78628133_A_G	0.345238
0	0.721522283982343	FALSE	1:78628999:78629720:clu_6456_-	0.00231752	-0.475659	0.150352	chr1_78628133_A_G	0.345238
1	0.841621233572914	FALSE	1:78620571:78622850:clu_6456_-	0.0549963	-0.301776	0.154597	chr1_78628133_A_G	0.345238
0	-0.223007830940367	FALSE	1:78620571:78627906:clu_6456_-	4.59371e-17	0.998493	0.089667	chr1_78628133_A_G	0.345238
0	0.975299406693437	FALSE	1:78628999:78635337:clu_6456_-	0.0153744	-0.325831	0.131107	chr1_78628133_A_G	0.345238
2	-1.38941733384107	FALSE	1:78620971:78628951:clu_6456_-	0.00025544	-0.513972	0.133279	chr1_78628133_A_G	0.345238
1	0.223007830940367	FALSE	1:78620571:78627906:clu_6456_-	4.59371e-17	0.998493	0.089667	chr1_78628133_A_G	0.345238
0	-0.841621233572914	FALSE	1:78629915:78635337:clu_6456_-	0.196542	-0.203781	0.156264	chr1_78628133_A_G	0.345238
0	-0.541395085129088	FALSE	1:78620571:78622850:clu_6456_-	0.0549963	-0.301776	0.154597	chr1_78628133_A_G	0.345238
2	-1.24872764523574	FALSE	1:78629915:78635337:clu_6456_-	0.196542	-0.203781	0.156264	chr1_78628133_A_G	0.345238
1	1.38941733384107	FALSE	1:78620571:78622850:clu_6456_-	0.0549963	-0.301776	0.154597	chr1_78628133_A_G	0.345238
0	-1.24872764523574	FALSE	1:78620571:78627906:clu_6456_-	4.59371e-17	0.998493	0.089667	chr1_78628133_A_G	0.345238
1	-0.345908121791338	FALSE	1:78620971:78628951:clu_6456_-	0.00025544	-0.513972	0.133279	chr1_78628133_A_G	0.345238
2	-0.841621233572914	FALSE	1:78620971:78628951:clu_6456_-	0.00025544	-0.513972	0.133279	chr1_78628133_A_G	0.345238
1	-0.283921436543173	TRUE	1:78620571:78628951:clu_6456_-	1.2487e-17	-1.03722	0.090494	chr1_78628133_A_G	0.345238
1	1.31581752981539	FALSE	1:78620571:78620944:clu_6456_-	0.205878	0.194731	0.15249	chr1_78628133_A_G	0.345238
1	-0.928899491647271	FALSE	1:78620571:78622850:clu_6456_-	0.0549963	-0.301776	0.154597	chr1_78628133_A_G	0.345238
1	-0.474288602972453	FALSE	1:78620571:78620944:clu_6456_-	0.205878	0.194731	0.15249	chr1_78628133_A_G	0.345238
2	1.1291761577078	FALSE	1:78620571:78627906:clu_6456_-	4.59371e-17	0.998493	0.089667	chr1_78628133_A_G	0.345238
2	0.541395085129088	FALSE	1:78620571:78620944:clu_6456_-	0.205878	0.194731	0.15249	chr1_78628133_A_G	0.345238
0	-0.800313105648729	FALSE	1:78628393:78628951:clu_6456_-	9.62065e-19	1.09253	0.0901978	chr1_78628133_A_G	0.345238
0	0.683774379879299	FALSE	1:78620571:78622850:clu_6456_-	0.0549963	-0.301776	0.154597	chr1_78628133_A_G	0.345238
0	-0.133095761626143	FALSE	1:78628999:78635337:clu_6456_-	0.0153744	-0.325831	0.131107	chr1_78628133_A_G	0.345238
0	-0.884418039827597	FALSE	1:78629915:78635337:clu_6456_-	0.196542	-0.203781	0.156264	chr1_78628133_A_G	0.345238
0	-0.721522283982343	FALSE	1:78628393:78628951:clu_6456_-	9.62065e-19	1.09253	0.0901978	chr1_78628133_A_G	0.345238
1	1.02390033298064	FALSE	1:78620571:78627906:clu_6456_-	4.59371e-17	0.998493	0.089667	chr1_78628133_A_G	0.345238
2	-1.07504866453499	FALSE	1:78628999:78635337:clu_6456_-	0.0153744	-0.325831	0.131107	chr1_78628133_A_G	0.345238
0	1.24872764523574	FALSE	1:78620571:78620944:clu_6456_-	0.205878	0.194731	0.15249	chr1_78628133_A_G	0.345238
0	-0.409254447344032	FALSE	1:78628393:78628951:clu_6456_-	9.62065e-19	1.09253	0.0901978	chr1_78628133_A_G	0.345238
1	-0.162911348622918	FALSE	1:78620571:78622850:clu_6456_-	0.0549963	-0.301776	0.154597	chr1_78628133_A_G	0.345238
1	0.103398051138894	FALSE	1:78620571:78635337:clu_6456_-	1.19129e-06	-0.643342	0.120805	chr1_78628133_A_G	0.345238
2	2.26472741974419	FALSE	1:78628393:78628951:clu_6456_-	9.62065e-19	1.09253	0.0901978	chr1_78628133_A_G	0.345238
0	-1.38941733384107	FALSE	1:78620571:78635337:clu_6456_-	1.19129e-06	-0.643342	0.120805	chr1_78628133_A_G	0.345238
0	0.474288602972453	FALSE	1:78620571:78620944:clu_6456_-	0.205878	0.194731	0.15249	chr1_78628133_A_G	0.345238
0	1.31581752981539	FALSE	1:78628999:78635337:clu_6456_-	0.0153744	-0.325831	0.131107	chr1_78628133_A_G	0.345238
0	-0.841621233572914	FALSE	1:78628999:78629720:clu_6456_-	0.00231752	-0.475659	0.150352	chr1_78628133_A_G	0.345238
0	-0.928899491647271	FALSE	1:78620571:78620944:clu_6456_-	0.205878	0.194731	0.15249	chr1_78628133_A_G	0.345238
0	-1.24872764523574	FALSE	1:78620571:78622850:clu_6456_-	0.0549963	-0.301776	0.154597	chr1_78628133_A_G	0.345238
0	1.67406590784054	FALSE	1:78628999:78635337:clu_6456_-	0.0153744	-0.325831	0.131107	chr1_78628133_A_G	0.345238
1	0.683774379879299	FALSE	1:78620571:78627906:clu_6456_-	4.59371e-17	0.998493	0.089667	chr1_78628133_A_G	0.345238
0	0.507556069065684	FALSE	1:78620571:78635337:clu_6456_-	1.19129e-06	-0.643342	0.120805	chr1_78628133_A_G	0.345238
0	-0.0147454065279029	FALSE	1:78620571:78620944:clu_6456_-	0.205878	0.194731	0.15249	chr1_78628133_A_G	0.345238
0	0.928899491647271	FALSE	1:78629915:78635337:clu_6456_-	0.196542	-0.203781	0.156264	chr1_78628133_A_G	0.345238
0	0.541395085129088	FALSE	1:78628999:78629720:clu_6456_-	0.00231752	-0.475659	0.150352	chr1_78628133_A_G	0.345238
0	1.5647264713618	FALSE	1:78628999:78635337:clu_6456_-	0.0153744	-0.325831	0.131107	chr1_78628133_A_G	0.345238
1	0.345908121791338	FALSE	1:78620571:78627906:clu_6456_-	4.59371e-17	0.998493	0.089667	chr1_78628133_A_G	0.345238
1	0.611034908004407	FALSE	1:78620571:78635337:clu_6456_-	1.19129e-06	-0.643342	0.120805	chr1_78628133_A_G	0.345238
0	0.0737912738082727	FALSE	1:78629915:78635337:clu_6456_-	0.196542	-0.203781	0.156264	chr1_78628133_A_G	0.345238
0	0.162911348622918	FALSE	1:78620571:78620944:clu_6456_-	0.205878	0.194731	0.15249	chr1_78628133_A_G	0.345238
0	-1.80811737005717	FALSE	1:78620571:78622850:clu_6456_-	0.0549963	-0.301776	0.154597	chr1_78628133_A_G	0.345238
0	-0.3147635663168	FALSE	1:78628393:78628951:clu_6456_-	9.62065e-19	1.09253	0.0901978	chr1_78628133_A_G	0.345238
2	-0.409254447344032	FALSE	1:78620571:78622850:clu_6456_-	0.0549963	-0.301776	0.154597	chr1_78628133_A_G	0.345238
0	-1.38941733384107	FALSE	1:78628393:78628951:clu_6456_-	9.62065e-19	1.09253	0.0901978	chr1_78628133_A_G	0.345238
2	0.133095761626143	FALSE	1:78629915:78635337:clu_6456_-	0.196542	-0.203781	0.156264	chr1_78628133_A_G	0.345238
0	-0.441538039063518	FALSE	1:78620571:78620944:clu_6456_-	0.205878	0.194731	0.15249	chr1_78628133_A_G	0.345238
1	-0.192872498631767	FALSE	1:78628999:78635337:clu_6456_-	0.0153744	-0.325831	0.131107	chr1_78628133_A_G	0.345238
0	0.575865816744326	FALSE	1:78620571:78635337:clu_6456_-	1.19129e-06	-0.643342	0.120805	chr1_78628133_A_G	0.345238
0	-0.441538039063518	FALSE	1:78628393:78628951:clu_6456_-	9.62065e-19	1.09253	0.0901978	chr1_78628133_A_G	0.345238
0	1.1291761577078	FALSE	1:78620571:78635337:clu_6456_-	1.19129e-06	-0.643342	0.120805	chr1_78628133_A_G	0.345238
1	-1.80811737005717	TRUE	1:78620571:78628951:clu_6456_-	1.2487e-17	-1.03722	0.090494	chr1_78628133_A_G	0.345238
1	0.575865816744326	FALSE	1:78620571:78627906:clu_6456_-	4.59371e-17	0.998493	0.089667	chr1_78628133_A_G	0.345238
1	1.98577040318109	FALSE	1:78629915:78635337:clu_6456_-	0.196542	-0.203781	0.156264	chr1_78628133_A_G	0.345238
1	1.38941733384107	FALSE	1:78620571:78620944:clu_6456_-	0.205878	0.194731	0.15249	chr1_78628133_A_G	0.345238
0	-0.103398051138894	FALSE	1:78620571:78622850:clu_6456_-	0.0549963	-0.301776	0.154597	chr1_78628133_A_G	0.345238
2	1.1291761577078	FALSE	1:78628999:78629720:clu_6456_-	0.00231752	-0.475659	0.150352	chr1_78628133_A_G	0.345238
2	-1.67406590784054	FALSE	1:78620571:78620944:clu_6456_-	0.205878	0.194731	0.15249	chr1_78628133_A_G	0.345238
1	-0.283921436543173	FALSE	1:78628999:78629720:clu_6456_-	0.00231752	-0.475659	0.150352	chr1_78628133_A_G	0.345238
0	1.80811737005717	FALSE	1:78628999:78629720:clu_6456_-	0.00231752	-0.475659	0.150352	chr1_78628133_A_G	0.345238
1	-0.377391943828554	FALSE	1:78628999:78629720:clu_6456_-	0.00231752	-0.475659	0.150352	chr1_78628133_A_G	0.345238
0	1.07504866453499	TRUE	1:78620571:78628951:clu_6456_-	1.2487e-17	-1.03722	0.090494	chr1_78628133_A_G	0.345238
1	0.841621233572914	FALSE	1:78628999:78635337:clu_6456_-	0.0153744	-0.325831	0.131107	chr1_78628133_A_G	0.345238
1	-0.0737912738082727	FALSE	1:78628393:78628951:clu_6456_-	9.62065e-19	1.09253	0.0901978	chr1_78628133_A_G	0.345238
2	-0.841621233572914	TRUE	1:78620571:78628951:clu_6456_-	1.2487e-17	-1.03722	0.090494	chr1_78628133_A_G	0.345238
1	1.38941733384107	FALSE	1:78628999:78635337:clu_6456_-	0.0153744	-0.325831	0.131107	chr1_78628133_A_G	0.345238
1	-0.683774379879299	FALSE	1:78620971:78628951:clu_6456_-	0.00025544	-0.513972	0.133279	chr1_78628133_A_G	0.345238
2	-0.0737912738082727	FALSE	1:78628999:78635337:clu_6456_-	0.0153744	-0.325831	0.131107	chr1_78628133_A_G	0.345238
1	0.507556069065684	FALSE	1:78620971:78628951:clu_6456_-	0.00025544	-0.513972	0.133279	chr1_78628133_A_G	0.345238
1	-0.541395085129088	FALSE	1:78620571:78620944:clu_6456_-	0.205878	0.194731	0.15249	chr1_78628133_A_G	0.345238
2	1.07504866453499	FALSE	1:78628393:78628951:clu_6456_-	9.62065e-19	1.09253	0.0901978	chr1_78628133_A_G	0.345238
0	1.18683143275582	FALSE	1:78620571:78620944:clu_6456_-	0.205878	0.194731	0.15249	chr1_78628133_A_G	0.345238
1	0.223007830940367	FALSE	1:78620571:78620944:clu_6456_-	0.205878	0.194731	0.15249	chr1_78628133_A_G	0.345238
1	0.841621233572914	FALSE	1:78620971:78628951:clu_6456_-	0.00025544	-0.513972	0.133279	chr1_78628133_A_G	0.345238
2	-1.38941733384107	TRUE	1:78620571:78628951:clu_6456_-	1.2487e-17	-1.03722	0.090494	chr1_78628133_A_G	0.345238
2	-0.683774379879299	FALSE	1:78628999:78635337:clu_6456_-	0.0153744	-0.325831	0.131107	chr1_78628133_A_G	0.345238
1	-0.441538039063518	TRUE	1:78620571:78628951:clu_6456_-	1.2487e-17	-1.03722	0.090494	chr1_78628133_A_G	0.345238
0	-0.507556069065684	FALSE	1:78620571:78627906:clu_6456_-	4.59371e-17	0.998493	0.089667	chr1_78628133_A_G	0.345238
1	0.133095761626143	FALSE	1:78620571:78627906:clu_6456_-	4.59371e-17	0.998493	0.089667	chr1_78628133_A_G	0.345238
1	1.98577040318109	FALSE	1:78620571:78627906:clu_6456_-	4.59371e-17	0.998493	0.089667	chr1_78628133_A_G	0.345238
1	-0.2533471031358	FALSE	1:78628999:78629720:clu_6456_-	0.00231752	-0.475659	0.150352	chr1_78628133_A_G	0.345238
0	1.67406590784054	TRUE	1:78620571:78628951:clu_6456_-	1.2487e-17	-1.03722	0.090494	chr1_78628133_A_G	0.345238
0	-0.223007830940367	FALSE	1:78628393:78628951:clu_6456_-	9.62065e-19	1.09253	0.0901978	chr1_78628133_A_G	0.345238
0	-1.98577040318109	FALSE	1:78620971:78628951:clu_6456_-	0.00025544	-0.513972	0.133279	chr1_78628133_A_G	0.345238
1	1.24872764523574	FALSE	1:78629915:78635337:clu_6456_-	0.196542	-0.203781	0.156264	chr1_78628133_A_G	0.345238
1	-0.474288602972453	FALSE	1:78620571:78622850:clu_6456_-	0.0549963	-0.301776	0.154597	chr1_78628133_A_G	0.345238
1	0.507556069065684	FALSE	1:78620571:78622850:clu_6456_-	0.0549963	-0.301776	0.154597	chr1_78628133_A_G	0.345238
1	0.841621233572914	FALSE	1:78620571:78627906:clu_6456_-	4.59371e-17	0.998493	0.089667	chr1_78628133_A_G	0.345238
0	-0.0737912738082727	FALSE	1:78620571:78627906:clu_6456_-	4.59371e-17	0.998493	0.089667	chr1_78628133_A_G	0.345238
0	1.47142406017223	FALSE	1:78629915:78635337:clu_6456_-	0.196542	-0.203781	0.156264	chr1_78628133_A_G	0.345238
0	0.223007830940367	FALSE	1:78628999:78635337:clu_6456_-	0.0153744	-0.325831	0.131107	chr1_78628133_A_G	0.345238
0	0.133095761626143	FALSE	1:78628393:78628951:clu_6456_-	9.62065e-19	1.09253	0.0901978	chr1_78628133_A_G	0.345238
1	-0.2533471031358	FALSE	1:78628999:78635337:clu_6456_-	0.0153744	-0.325831	0.131107	chr1_78628133_A_G	0.345238
0	0.103398051138894	FALSE	1:78620971:78628951:clu_6456_-	0.00025544	-0.513972	0.133279	chr1_78628133_A_G	0.345238
1	0.2533471031358	FALSE	1:78628393:78628951:clu_6456_-	9.62065e-19	1.09253	0.0901978	chr1_78628133_A_G	0.345238
1	-1.02390033298064	FALSE	1:78620571:78627906:clu_6456_-	4.59371e-17	0.998493	0.089667	chr1_78628133_A_G	0.345238
0	-0.103398051138894	FALSE	1:78628393:78628951:clu_6456_-	9.62065e-19	1.09253	0.0901978	chr1_78628133_A_G	0.345238
1	0.2533471031358	FALSE	1:78620571:78635337:clu_6456_-	1.19129e-06	-0.643342	0.120805	chr1_78628133_A_G	0.345238
0	-1.24872764523574	FALSE	1:78628393:78628951:clu_6456_-	9.62065e-19	1.09253	0.0901978	chr1_78628133_A_G	0.345238
0	0.611034908004407	FALSE	1:78628999:78635337:clu_6456_-	0.0153744	-0.325831	0.131107	chr1_78628133_A_G	0.345238
0	1.80811737005717	FALSE	1:78620571:78620944:clu_6456_-	0.205878	0.194731	0.15249	chr1_78628133_A_G	0.345238
0	0.575865816744326	FALSE	1:78620571:78622850:clu_6456_-	0.0549963	-0.301776	0.154597	chr1_78628133_A_G	0.345238
0	-0.646976645283972	FALSE	1:78628393:78628951:clu_6456_-	9.62065e-19	1.09253	0.0901978	chr1_78628133_A_G	0.345238
0	1.31581752981539	FALSE	1:78620571:78635337:clu_6456_-	1.19129e-06	-0.643342	0.120805	chr1_78628133_A_G	0.345238
2	-0.345908121791338	FALSE	1:78629915:78635337:clu_6456_-	0.196542	-0.203781	0.156264	chr1_78628133_A_G	0.345238
0	-0.507556069065684	FALSE	1:78628393:78628951:clu_6456_-	9.62065e-19	1.09253	0.0901978	chr1_78628133_A_G	0.345238
0	-0.507556069065684	FALSE	1:78628999:78635337:clu_6456_-	0.0153744	-0.325831	0.131107	chr1_78628133_A_G	0.345238
0	-0.611034908004407	FALSE	1:78628393:78628951:clu_6456_-	9.62065e-19	1.09253	0.0901978	chr1_78628133_A_G	0.345238
2	-0.611034908004407	FALSE	1:78620971:78628951:clu_6456_-	0.00025544	-0.513972	0.133279	chr1_78628133_A_G	0.345238
1	0.541395085129088	FALSE	1:78620571:78627906:clu_6456_-	4.59371e-17	0.998493	0.089667	chr1_78628133_A_G	0.345238
2	1.31581752981539	FALSE	1:78628393:78628951:clu_6456_-	9.62065e-19	1.09253	0.0901978	chr1_78628133_A_G	0.345238
2	1.67406590784054	FALSE	1:78628393:78628951:clu_6456_-	9.62065e-19	1.09253	0.0901978	chr1_78628133_A_G	0.345238
0	0.377391943828554	FALSE	1:78628999:78629720:clu_6456_-	0.00231752	-0.475659	0.150352	chr1_78628133_A_G	0.345238
1	-0.474288602972453	FALSE	1:78620571:78635337:clu_6456_-	1.19129e-06	-0.643342	0.120805	chr1_78628133_A_G	0.345238
1	0.0147454065279029	FALSE	1:78628999:78635337:clu_6456_-	0.0153744	-0.325831	0.131107	chr1_78628133_A_G	0.345238
1	0.3147635663168	FALSE	1:78620571:78620944:clu_6456_-	0.205878	0.194731	0.15249	chr1_78628133_A_G	0.345238
0	-1.67406590784054	FALSE	1:78628999:78629720:clu_6456_-	0.00231752	-0.475659	0.150352	chr1_78628133_A_G	0.345238
2	-1.80811737005717	FALSE	1:78629915:78635337:clu_6456_-	0.196542	-0.203781	0.156264	chr1_78628133_A_G	0.345238
1	1.18683143275582	FALSE	1:78628999:78635337:clu_6456_-	0.0153744	-0.325831	0.131107	chr1_78628133_A_G	0.345238
0	0.133095761626143	FALSE	1:78620571:78620944:clu_6456_-	0.205878	0.194731	0.15249	chr1_78628133_A_G	0.345238
0	1.24872764523574	FALSE	1:78628999:78635337:clu_6456_-	0.0153744	-0.325831	0.131107	chr1_78628133_A_G	0.345238
0	0.0442490521541925	FALSE	1:78620971:78628951:clu_6456_-	0.00025544	-0.513972	0.133279	chr1_78628133_A_G	0.345238
1	-0.507556069065684	FALSE	1:78620971:78628951:clu_6456_-	0.00025544	-0.513972	0.133279	chr1_78628133_A_G	0.345238
0	-1.5647264713618	TRUE	1:78620571:78628951:clu_6456_-	1.2487e-17	-1.03722	0.090494	chr1_78628133_A_G	0.345238
1	0.760327540636133	FALSE	1:78620571:78627906:clu_6456_-	4.59371e-17	0.998493	0.089667	chr1_78628133_A_G	0.345238
0	-1.80811737005717	FALSE	1:78620571:78620944:clu_6456_-	0.205878	0.194731	0.15249	chr1_78628133_A_G	0.345238
2	-0.611034908004407	FALSE	1:78628999:78629720:clu_6456_-	0.00231752	-0.475659	0.150352	chr1_78628133_A_G	0.345238
0	-0.192872498631767	FALSE	1:78620571:78622850:clu_6456_-	0.0549963	-0.301776	0.154597	chr1_78628133_A_G	0.345238
0	-0.760327540636133	FALSE	1:78620571:78627906:clu_6456_-	4.59371e-17	0.998493	0.089667	chr1_78628133_A_G	0.345238
0	0.928899491647271	TRUE	1:78620571:78628951:clu_6456_-	1.2487e-17	-1.03722	0.090494	chr1_78628133_A_G	0.345238
0	-0.884418039827597	FALSE	1:78628999:78635337:clu_6456_-	0.0153744	-0.325831	0.131107	chr1_78628133_A_G	0.345238
0	0.841621233572914	FALSE	1:78628999:78629720:clu_6456_-	0.00231752	-0.475659	0.150352	chr1_78628133_A_G	0.345238
0	-0.377391943828554	FALSE	1:78628393:78628951:clu_6456_-	9.62065e-19	1.09253	0.0901978	chr1_78628133_A_G	0.345238
1	0.541395085129088	FALSE	1:78628393:78628951:clu_6456_-	9.62065e-19	1.09253	0.0901978	chr1_78628133_A_G	0.345238
1	-1.31581752981539	FALSE	1:78620571:78635337:clu_6456_-	1.19129e-06	-0.643342	0.120805	chr1_78628133_A_G	0.345238
0	2.26472741974419	FALSE	1:78620571:78635337:clu_6456_-	1.19129e-06	-0.643342	0.120805	chr1_78628133_A_G	0.345238
0	1.47142406017223	FALSE	1:78628999:78635337:clu_6456_-	0.0153744	-0.325831	0.131107	chr1_78628133_A_G	0.345238
0	2.26472741974419	FALSE	1:78620971:78628951:clu_6456_-	0.00025544	-0.513972	0.133279	chr1_78628133_A_G	0.345238
2	-1.5647264713618	FALSE	1:78629915:78635337:clu_6456_-	0.196542	-0.203781	0.156264	chr1_78628133_A_G	0.345238
2	-0.683774379879299	FALSE	1:78620571:78622850:clu_6456_-	0.0549963	-0.301776	0.154597	chr1_78628133_A_G	0.345238
2	-0.541395085129088	FALSE	1:78620571:78635337:clu_6456_-	1.19129e-06	-0.643342	0.120805	chr1_78628133_A_G	0.345238
0	2.26472741974419	FALSE	1:78620571:78622850:clu_6456_-	0.0549963	-0.301776	0.154597	chr1_78628133_A_G	0.345238
1	-0.760327540636133	TRUE	1:78620571:78628951:clu_6456_-	1.2487e-17	-1.03722	0.090494	chr1_78628133_A_G	0.345238
1	-0.3147635663168	FALSE	1:78628999:78629720:clu_6456_-	0.00231752	-0.475659	0.150352	chr1_78628133_A_G	0.345238
0	1.38941733384107	FALSE	1:78629915:78635337:clu_6456_-	0.196542	-0.203781	0.156264	chr1_78628133_A_G	0.345238
0	0.541395085129088	FALSE	1:78620571:78635337:clu_6456_-	1.19129e-06	-0.643342	0.120805	chr1_78628133_A_G	0.345238
0	0.162911348622918	FALSE	1:78628999:78635337:clu_6456_-	0.0153744	-0.325831	0.131107	chr1_78628133_A_G	0.345238
1	1.1291761577078	FALSE	1:78620571:78622850:clu_6456_-	0.0549963	-0.301776	0.154597	chr1_78628133_A_G	0.345238
0	0.721522283982343	FALSE	1:78628999:78635337:clu_6456_-	0.0153744	-0.325831	0.131107	chr1_78628133_A_G	0.345238
1	-0.3147635663168	TRUE	1:78620571:78628951:clu_6456_-	1.2487e-17	-1.03722	0.090494	chr1_78628133_A_G	0.345238
0	-1.47142406017223	FALSE	1:78629915:78635337:clu_6456_-	0.196542	-0.203781	0.156264	chr1_78628133_A_G	0.345238
1	-0.575865816744326	TRUE	1:78620571:78628951:clu_6456_-	1.2487e-17	-1.03722	0.090494	chr1_78628133_A_G	0.345238
0	0.928899491647271	FALSE	1:78620571:78622850:clu_6456_-	0.0549963	-0.301776	0.154597	chr1_78628133_A_G	0.345238
1	-1.1291761577078	FALSE	1:78629915:78635337:clu_6456_-	0.196542	-0.203781	0.156264	chr1_78628133_A_G	0.345238
0	-0.192872498631767	FALSE	1:78620571:78620944:clu_6456_-	0.205878	0.194731	0.15249	chr1_78628133_A_G	0.345238
1	1.1291761577078	FALSE	1:78628999:78635337:clu_6456_-	0.0153744	-0.325831	0.131107	chr1_78628133_A_G	0.345238
0	0.283921436543173	FALSE	1:78620571:78635337:clu_6456_-	1.19129e-06	-0.643342	0.120805	chr1_78628133_A_G	0.345238
0	-1.67406590784054	FALSE	1:78629915:78635337:clu_6456_-	0.196542	-0.203781	0.156264	chr1_78628133_A_G	0.345238
2	-0.975299406693437	FALSE	1:78620571:78635337:clu_6456_-	1.19129e-06	-0.643342	0.120805	chr1_78628133_A_G	0.345238
1	-1.18683143275582	FALSE	1:78628999:78629720:clu_6456_-	0.00231752	-0.475659	0.150352	chr1_78628133_A_G	0.345238
2	1.1291761577078	FALSE	1:78628393:78628951:clu_6456_-	9.62065e-19	1.09253	0.0901978	chr1_78628133_A_G	0.345238
0	1.98577040318109	FALSE	1:78628999:78629720:clu_6456_-	0.00231752	-0.475659	0.150352	chr1_78628133_A_G	0.345238
0	0.441538039063518	FALSE	1:78629915:78635337:clu_6456_-	0.196542	-0.203781	0.156264	chr1_78628133_A_G	0.345238
1	0.223007830940367	FALSE	1:78620971:78628951:clu_6456_-	0.00025544	-0.513972	0.133279	chr1_78628133_A_G	0.345238
1	-0.103398051138894	FALSE	1:78629915:78635337:clu_6456_-	0.196542	-0.203781	0.156264	chr1_78628133_A_G	0.345238
1	-0.133095761626143	FALSE	1:78620571:78620944:clu_6456_-	0.205878	0.194731	0.15249	chr1_78628133_A_G	0.345238
0	-0.721522283982343	FALSE	1:78620571:78627906:clu_6456_-	4.59371e-17	0.998493	0.089667	chr1_78628133_A_G	0.345238
1	-0.975299406693437	FALSE	1:78628999:78629720:clu_6456_-	0.00231752	-0.475659	0.150352	chr1_78628133_A_G	0.345238
0	-1.5647264713618	FALSE	1:78628393:78628951:clu_6456_-	9.62065e-19	1.09253	0.0901978	chr1_78628133_A_G	0.345238
0	1.80811737005717	FALSE	1:78628999:78635337:clu_6456_-	0.0153744	-0.325831	0.131107	chr1_78628133_A_G	0.345238
0	0.3147635663168	TRUE	1:78620571:78628951:clu_6456_-	1.2487e-17	-1.03722	0.090494	chr1_78628133_A_G	0.345238
0	-1.38941733384107	FALSE	1:78628999:78629720:clu_6456_-	0.00231752	-0.475659	0.150352	chr1_78628133_A_G	0.345238
0	0.841621233572914	FALSE	1:78620571:78635337:clu_6456_-	1.19129e-06	-0.643342	0.120805	chr1_78628133_A_G	0.345238
1	0.441538039063518	FALSE	1:78620571:78635337:clu_6456_-	1.19129e-06	-0.643342	0.120805	chr1_78628133_A_G	0.345238
1	-0.760327540636133	FALSE	1:78628999:78635337:clu_6456_-	0.0153744	-0.325831	0.131107	chr1_78628133_A_G	0.345238
1	-1.24872764523574	FALSE	1:78628999:78635337:clu_6456_-	0.0153744	-0.325831	0.131107	chr1_78628133_A_G	0.345238
1	-0.884418039827597	FALSE	1:78620571:78635337:clu_6456_-	1.19129e-06	-0.643342	0.120805	chr1_78628133_A_G	0.345238
2	-1.24872764523574	FALSE	1:78620971:78628951:clu_6456_-	0.00025544	-0.513972	0.133279	chr1_78628133_A_G	0.345238
1	0.928899491647271	FALSE	1:78620571:78627906:clu_6456_-	4.59371e-17	0.998493	0.089667	chr1_78628133_A_G	0.345238
1	-1.5647264713618	FALSE	1:78628999:78635337:clu_6456_-	0.0153744	-0.325831	0.131107	chr1_78628133_A_G	0.345238
0	-0.800313105648729	FALSE	1:78620571:78622850:clu_6456_-	0.0549963	-0.301776	0.154597	chr1_78628133_A_G	0.345238
0	1.80811737005717	FALSE	1:78620971:78628951:clu_6456_-	0.00025544	-0.513972	0.133279	chr1_78628133_A_G	0.345238
0	1.1291761577078	TRUE	1:78620571:78628951:clu_6456_-	1.2487e-17	-1.03722	0.090494	chr1_78628133_A_G	0.345238
1	-1.47142406017223	FALSE	1:78628999:78629720:clu_6456_-	0.00231752	-0.475659	0.150352	chr1_78628133_A_G	0.345238
1	0.409254447344032	FALSE	1:78620971:78628951:clu_6456_-	0.00025544	-0.513972	0.133279	chr1_78628133_A_G	0.345238
0	-0.760327540636133	FALSE	1:78620971:78628951:clu_6456_-	0.00025544	-0.513972	0.133279	chr1_78628133_A_G	0.345238
1	-0.223007830940367	TRUE	1:78620571:78628951:clu_6456_-	1.2487e-17	-1.03722	0.090494	chr1_78628133_A_G	0.345238
2	-0.103398051138894	FALSE	1:78628999:78635337:clu_6456_-	0.0153744	-0.325831	0.131107	chr1_78628133_A_G	0.345238
1	-0.0442490521541924	FALSE	1:78629915:78635337:clu_6456_-	0.196542	-0.203781	0.156264	chr1_78628133_A_G	0.345238
1	-1.47142406017223	FALSE	1:78628393:78628951:clu_6456_-	9.62065e-19	1.09253	0.0901978	chr1_78628133_A_G	0.345238
0	0.575865816744326	TRUE	1:78620571:78628951:clu_6456_-	1.2487e-17	-1.03722	0.090494	chr1_78628133_A_G	0.345238
1	0.0147454065279029	FALSE	1:78628393:78628951:clu_6456_-	9.62065e-19	1.09253	0.0901978	chr1_78628133_A_G	0.345238
1	-1.80811737005717	FALSE	1:78620971:78628951:clu_6456_-	0.00025544	-0.513972	0.133279	chr1_78628133_A_G	0.345238
2	-1.1291761577078	FALSE	1:78628999:78635337:clu_6456_-	0.0153744	-0.325831	0.131107	chr1_78628133_A_G	0.345238
0	0.575865816744326	FALSE	1:78629915:78635337:clu_6456_-	0.196542	-0.203781	0.156264	chr1_78628133_A_G	0.345238
2	-1.18683143275582	FALSE	1:78629915:78635337:clu_6456_-	0.196542	-0.203781	0.156264	chr1_78628133_A_G	0.345238
0	1.1291761577078	FALSE	1:78620571:78620944:clu_6456_-	0.205878	0.194731	0.15249	chr1_78628133_A_G	0.345238
1	0.0737912738082727	FALSE	1:78628393:78628951:clu_6456_-	9.62065e-19	1.09253	0.0901978	chr1_78628133_A_G	0.345238
2	-0.162911348622918	FALSE	1:78628999:78635337:clu_6456_-	0.0153744	-0.325831	0.131107	chr1_78628133_A_G	0.345238
0	-0.192872498631767	FALSE	1:78628999:78629720:clu_6456_-	0.00231752	-0.475659	0.150352	chr1_78628133_A_G	0.345238
0	-0.3147635663168	FALSE	1:78620571:78627906:clu_6456_-	4.59371e-17	0.998493	0.089667	chr1_78628133_A_G	0.345238
2	-0.377391943828554	FALSE	1:78628999:78635337:clu_6456_-	0.0153744	-0.325831	0.131107	chr1_78628133_A_G	0.345238
2	0.800313105648729	FALSE	1:78620571:78627906:clu_6456_-	4.59371e-17	0.998493	0.089667	chr1_78628133_A_G	0.345238
0	-1.18683143275582	FALSE	1:78628393:78628951:clu_6456_-	9.62065e-19	1.09253	0.0901978	chr1_78628133_A_G	0.345238
1	-0.409254447344032	FALSE	1:78628999:78635337:clu_6456_-	0.0153744	-0.325831	0.131107	chr1_78628133_A_G	0.345238
0	1.07504866453499	FALSE	1:78620571:78622850:clu_6456_-	0.0549963	-0.301776	0.154597	chr1_78628133_A_G	0.345238
0	0.2533471031358	FALSE	1:78620971:78628951:clu_6456_-	0.00025544	-0.513972	0.133279	chr1_78628133_A_G	0.345238
0	1.47142406017223	FALSE	1:78620971:78628951:clu_6456_-	0.00025544	-0.513972	0.133279	chr1_78628133_A_G	0.345238
1	0.441538039063518	FALSE	1:78628999:78635337:clu_6456_-	0.0153744	-0.325831	0.131107	chr1_78628133_A_G	0.345238
2	-0.884418039827597	TRUE	1:78620571:78628951:clu_6456_-	1.2487e-17	-1.03722	0.090494	chr1_78628133_A_G	0.345238
0	1.98577040318109	FALSE	1:78620971:78628951:clu_6456_-	0.00025544	-0.513972	0.133279	chr1_78628133_A_G	0.345238
0	-1.18683143275582	FALSE	1:78628999:78635337:clu_6456_-	0.0153744	-0.325831	0.131107	chr1_78628133_A_G	0.345238
1	-0.760327540636133	FALSE	1:78628999:78629720:clu_6456_-	0.00231752	-0.475659	0.150352	chr1_78628133_A_G	0.345238
1	1.24872764523574	FALSE	1:78620571:78627906:clu_6456_-	4.59371e-17	0.998493	0.089667	chr1_78628133_A_G	0.345238
1	-0.611034908004407	TRUE	1:78620571:78628951:clu_6456_-	1.2487e-17	-1.03722	0.090494	chr1_78628133_A_G	0.345238
2	-0.3147635663168	FALSE	1:78620571:78622850:clu_6456_-	0.0549963	-0.301776	0.154597	chr1_78628133_A_G	0.345238
0	-0.474288602972453	FALSE	1:78629915:78635337:clu_6456_-	0.196542	-0.203781	0.156264	chr1_78628133_A_G	0.345238
1	-0.0442490521541924	FALSE	1:78620971:78628951:clu_6456_-	0.00025544	-0.513972	0.133279	chr1_78628133_A_G	0.345238
0	1.67406590784054	FALSE	1:78620571:78622850:clu_6456_-	0.0549963	-0.301776	0.154597	chr1_78628133_A_G	0.345238
0	0.683774379879299	FALSE	1:78620971:78628951:clu_6456_-	0.00025544	-0.513972	0.133279	chr1_78628133_A_G	0.345238
2	-2.26472741974418	FALSE	1:78620571:78635337:clu_6456_-	1.19129e-06	-0.643342	0.120805	chr1_78628133_A_G	0.345238
0	-0.192872498631767	FALSE	1:78628393:78628951:clu_6456_-	9.62065e-19	1.09253	0.0901978	chr1_78628133_A_G	0.345238
1	0.575865816744326	FALSE	1:78628999:78629720:clu_6456_-	0.00231752	-0.475659	0.150352	chr1_78628133_A_G	0.345238
2	-0.760327540636133	FALSE	1:78620571:78635337:clu_6456_-	1.19129e-06	-0.643342	0.120805	chr1_78628133_A_G	0.345238
2	1.5647264713618	FALSE	1:78620571:78620944:clu_6456_-	0.205878	0.194731	0.15249	chr1_78628133_A_G	0.345238
0	1.80811737005717	FALSE	1:78620571:78622850:clu_6456_-	0.0549963	-0.301776	0.154597	chr1_78628133_A_G	0.345238
1	0.474288602972453	FALSE	1:78620571:78635337:clu_6456_-	1.19129e-06	-0.643342	0.120805	chr1_78628133_A_G	0.345238
1	-0.575865816744326	FALSE	1:78629915:78635337:clu_6456_-	0.196542	-0.203781	0.156264	chr1_78628133_A_G	0.345238
1	0.0442490521541925	FALSE	1:78628393:78628951:clu_6456_-	9.62065e-19	1.09253	0.0901978	chr1_78628133_A_G	0.345238
0	0.646976645283972	FALSE	1:78620571:78620944:clu_6456_-	0.205878	0.194731	0.15249	chr1_78628133_A_G	0.345238
0	-0.223007830940367	FALSE	1:78620971:78628951:clu_6456_-	0.00025544	-0.513972	0.133279	chr1_78628133_A_G	0.345238
0	-1.98577040318109	FALSE	1:78629915:78635337:clu_6456_-	0.196542	-0.203781	0.156264	chr1_78628133_A_G	0.345238
1	-0.646976645283972	FALSE	1:78620971:78628951:clu_6456_-	0.00025544	-0.513972	0.133279	chr1_78628133_A_G	0.345238
0	-1.1291761577078	FALSE	1:78620571:78635337:clu_6456_-	1.19129e-06	-0.643342	0.120805	chr1_78628133_A_G	0.345238
1	0.0147454065279029	FALSE	1:78620571:78635337:clu_6456_-	1.19129e-06	-0.643342	0.120805	chr1_78628133_A_G	0.345238
0	-1.02390033298064	FALSE	1:78620571:78620944:clu_6456_-	0.205878	0.194731	0.15249	chr1_78628133_A_G	0.345238
0	2.26472741974419	FALSE	1:78628999:78629720:clu_6456_-	0.00231752	-0.475659	0.150352	chr1_78628133_A_G	0.345238
0	0.721522283982343	TRUE	1:78620571:78628951:clu_6456_-	1.2487e-17	-1.03722	0.090494	chr1_78628133_A_G	0.345238
0	1.5647264713618	FALSE	1:78620571:78635337:clu_6456_-	1.19129e-06	-0.643342	0.120805	chr1_78628133_A_G	0.345238
2	-0.975299406693437	TRUE	1:78620571:78628951:clu_6456_-	1.2487e-17	-1.03722	0.090494	chr1_78628133_A_G	0.345238
0	-1.98577040318109	FALSE	1:78620571:78620944:clu_6456_-	0.205878	0.194731	0.15249	chr1_78628133_A_G	0.345238
1	0.192872498631767	FALSE	1:78628999:78635337:clu_6456_-	0.0153744	-0.325831	0.131107	chr1_78628133_A_G	0.345238
1	0.646976645283972	TRUE	1:78620571:78628951:clu_6456_-	1.2487e-17	-1.03722	0.090494	chr1_78628133_A_G	0.345238
1	0.103398051138894	FALSE	1:78629915:78635337:clu_6456_-	0.196542	-0.203781	0.156264	chr1_78628133_A_G	0.345238
0	-0.283921436543173	FALSE	1:78620571:78622850:clu_6456_-	0.0549963	-0.301776	0.154597	chr1_78628133_A_G	0.345238
0	0.928899491647271	FALSE	1:78628999:78635337:clu_6456_-	0.0153744	-0.325831	0.131107	chr1_78628133_A_G	0.345238
0	0.133095761626143	TRUE	1:78620571:78628951:clu_6456_-	1.2487e-17	-1.03722	0.090494	chr1_78628133_A_G	0.345238
1	-0.162911348622918	FALSE	1:78620571:78620944:clu_6456_-	0.205878	0.194731	0.15249	chr1_78628133_A_G	0.345238
2	1.02390033298064	FALSE	1:78628393:78628951:clu_6456_-	9.62065e-19	1.09253	0.0901978	chr1_78628133_A_G	0.345238
2	0.0147454065279029	FALSE	1:78620971:78628951:clu_6456_-	0.00025544	-0.513972	0.133279	chr1_78628133_A_G	0.345238
2	1.80811737005717	FALSE	1:78620571:78627906:clu_6456_-	4.59371e-17	0.998493	0.089667	chr1_78628133_A_G	0.345238
0	0.884418039827597	TRUE	1:78620571:78628951:clu_6456_-	1.2487e-17	-1.03722	0.090494	chr1_78628133_A_G	0.345238
1	-0.0442490521541924	FALSE	1:78620571:78635337:clu_6456_-	1.19129e-06	-0.643342	0.120805	chr1_78628133_A_G	0.345238
0	-2.26472741974418	FALSE	1:78628999:78629720:clu_6456_-	0.00231752	-0.475659	0.150352	chr1_78628133_A_G	0.345238
0	-0.611034908004407	FALSE	1:78620571:78622850:clu_6456_-	0.0549963	-0.301776	0.154597	chr1_78628133_A_G	0.345238
0	-0.611034908004407	FALSE	1:78628999:78635337:clu_6456_-	0.0153744	-0.325831	0.131107	chr1_78628133_A_G	0.345238
0	0.760327540636133	FALSE	1:78628999:78635337:clu_6456_-	0.0153744	-0.325831	0.131107	chr1_78628133_A_G	0.345238
0	0.345908121791338	FALSE	1:78628999:78635337:clu_6456_-	0.0153744	-0.325831	0.131107	chr1_78628133_A_G	0.345238
1	-1.5647264713618	FALSE	1:78620571:78620944:clu_6456_-	0.205878	0.194731	0.15249	chr1_78628133_A_G	0.345238
1	-2.26472741974418	TRUE	1:78620571:78628951:clu_6456_-	1.2487e-17	-1.03722	0.090494	chr1_78628133_A_G	0.345238
1	0.409254447344032	FALSE	1:78628999:78629720:clu_6456_-	0.00231752	-0.475659	0.150352	chr1_78628133_A_G	0.345238
0	-0.575865816744326	FALSE	1:78620571:78627906:clu_6456_-	4.59371e-17	0.998493	0.089667	chr1_78628133_A_G	0.345238
1	-0.103398051138894	FALSE	1:78628999:78629720:clu_6456_-	0.00231752	-0.475659	0.150352	chr1_78628133_A_G	0.345238
0	-1.18683143275582	FALSE	1:78620571:78635337:clu_6456_-	1.19129e-06	-0.643342	0.120805	chr1_78628133_A_G	0.345238
0	1.18683143275582	FALSE	1:78620571:78622850:clu_6456_-	0.0549963	-0.301776	0.154597	chr1_78628133_A_G	0.345238
0	1.18683143275582	FALSE	1:78629915:78635337:clu_6456_-	0.196542	-0.203781	0.156264	chr1_78628133_A_G	0.345238
2	-0.760327540636133	FALSE	1:78629915:78635337:clu_6456_-	0.196542	-0.203781	0.156264	chr1_78628133_A_G	0.345238
2	-1.07504866453499	FALSE	1:78620571:78622850:clu_6456_-	0.0549963	-0.301776	0.154597	chr1_78628133_A_G	0.345238
0	0.841621233572914	FALSE	1:78629915:78635337:clu_6456_-	0.196542	-0.203781	0.156264	chr1_78628133_A_G	0.345238
0	-0.975299406693437	FALSE	1:78620571:78627906:clu_6456_-	4.59371e-17	0.998493	0.089667	chr1_78628133_A_G	0.345238
0	0.760327540636133	FALSE	1:78628999:78629720:clu_6456_-	0.00231752	-0.475659	0.150352	chr1_78628133_A_G	0.345238
0	-0.162911348622918	FALSE	1:78620971:78628951:clu_6456_-	0.00025544	-0.513972	0.133279	chr1_78628133_A_G	0.345238
1	-0.721522283982343	FALSE	1:78628999:78629720:clu_6456_-	0.00231752	-0.475659	0.150352	chr1_78628133_A_G	0.345238
1	0.760327540636133	FALSE	1:78620971:78628951:clu_6456_-	0.00025544	-0.513972	0.133279	chr1_78628133_A_G	0.345238
0	-1.24872764523574	FALSE	1:78620571:78620944:clu_6456_-	0.205878	0.194731	0.15249	chr1_78628133_A_G	0.345238
1	-1.47142406017223	FALSE	1:78620971:78628951:clu_6456_-	0.00025544	-0.513972	0.133279	chr1_78628133_A_G	0.345238
0	-0.646976645283972	FALSE	1:78620571:78620944:clu_6456_-	0.205878	0.194731	0.15249	chr1_78628133_A_G	0.345238
2	0.721522283982343	FALSE	1:78620571:78620944:clu_6456_-	0.205878	0.194731	0.15249	chr1_78628133_A_G	0.345238
1	-0.0737912738082727	TRUE	1:78620571:78628951:clu_6456_-	1.2487e-17	-1.03722	0.090494	chr1_78628133_A_G	0.345238
1	0.162911348622918	FALSE	1:78620571:78627906:clu_6456_-	4.59371e-17	0.998493	0.089667	chr1_78628133_A_G	0.345238
